sentence	predicted	actual	error	kotogram
彼女のギャラリーにに２点ほど出展するのよ。	-0.082509346306324	1.0	1.1718264848405449	⌈ˢ彼女ᵖpronʳカノジョ⌉⌈ˢのᵖprt:case_particleʳノ⌉⌈ˢギャラリーᵖn:common_noun⌉⌈ˢにᵖprt:case_particleʳニ⌉⌈ˢにᵖprt:case_particleʳニ⌉⌈ˢ２ᵖn:numeralᵇ2ᵈ2ʳニ⌉⌈ˢ点ᵖn:common_noun:counter-possibleʳテン⌉⌈ˢほどᵖprt:adverbial_particleʳホド⌉⌈ˢ出展ᵖn:common_noun:suru-possibleʳシュッテン⌉⌈ˢするᵖv:non_self_reliant:sa-irregular:attributiveʳスル⌉⌈ˢのᵖprt:pre_noun_particleʳノ⌉⌈ˢよᵖprt:sentence_final_particleʳヨ⌉⌈ˢ。ᵖauxs:period⌉
あのビルの屋上から見る夜景はきれいなのよ。見に行かない？	-0.03849393129348755	1.0	1.0784696453334028	⌈ˢあのᵖatʳアノ⌉⌈ˢビルᵖn:common_noun⌉⌈ˢのᵖprt:case_particleʳノ⌉⌈ˢ屋上ᵖn:common_nounʳオクジョウ⌉⌈ˢからᵖprt:case_particleʳカラ⌉⌈ˢ見るᵖv:non_self_reliant:i-ichidan-ma:attributiveʳミル⌉⌈ˢ夜景ᵖn:common_nounʳヤケイ⌉⌈ˢはᵖprt:binding_particleʳハ⌉⌈ˢきれいᵖshp:generalʳキレイ⌉⌈ˢなᵖauxv:auxv-da:attributiveᵇだᵈだʳナ⌉⌈ˢのᵖprt:pre_noun_particleʳノ⌉⌈ˢよᵖprt:sentence_final_particleʳヨ⌉⌈ˢ。ᵖauxs:period⌉⌈ˢ見ᵖv:non_self_reliant:i-ichidan-ma:conjunctiveᵇ見るᵈ見るʳミ⌉⌈ˢにᵖprt:case_particleʳニ⌉⌈ˢ行かᵖv:non_self_reliant:godan-ka:imperfectiveᵇ行くᵈ行くʳイカ⌉⌈ˢないᵖauxv:auxv-nai:terminalʳナイ⌉⌈ˢ？ᵖauxs:periodᵇ?ᵈ?ʳ?⌉
今日雨が降りますかぜ。	0.0068646930158138275	-1.0	1.013776510041829	⌈ˢ今日ᵖn:common_noun:adverb-possibleʳキョウ⌉⌈ˢ雨ᵖn:common_nounʳアメ⌉⌈ˢがᵖprt:case_particleʳガ⌉⌈ˢ降りᵖv:general:godan-ra:conjunctiveᵇ降るᵈ降るʳフリ⌉⌈ˢますᵖauxv:auxv-masu:terminalʳマス⌉⌈ˢかᵖprt:sentence_final_particleʳカ⌉⌈ˢぜᵖprt:sentence_final_particleʳゼ⌉⌈ˢ。ᵖauxs:period⌉
出席をしている人々は全部日本人ですぞ。	-0.01580122485756874	-1.0	0.968647228991862	⌈ˢ出席ᵖn:common_noun:suru-possibleʳシュッセキ⌉⌈ˢをᵖprt:case_particleʳヲ⌉⌈ˢしᵖv:non_self_reliant:sa-irregular:conjunctiveᵇするᵈするʳシ⌉⌈ˢてᵖprt:conjunctive_particleʳテ⌉⌈ˢいるᵖv:non_self_reliant:i-ichidan-a:attributiveʳイル⌉⌈ˢ人々ᵖn:common_nounʳヒトビト⌉⌈ˢはᵖprt:binding_particleʳハ⌉⌈ˢ全部ᵖn:common_noun:adverb-possibleʳゼンブ⌉⌈ˢ日本人ᵖn:common_nounʳニホンジン⌉⌈ˢですᵖauxv:auxv-desu:terminalʳデス⌉⌈ˢぞᵖprt:sentence_final_particleʳゾ⌉⌈ˢ。ᵖauxs:period⌉
日本語ができる人はいますぞか？	-0.02308730222284794	-1.0	0.9543584190782333	⌈ˢ日本語ᵖn:common_nounʳニホンゴ⌉⌈ˢがᵖprt:case_particleʳガ⌉⌈ˢできるᵖv:non_self_reliant:i-ichidan-ka:attributiveʳデキル⌉⌈ˢ人ᵖn:common_nounʳヒト⌉⌈ˢはᵖprt:binding_particleʳハ⌉⌈ˢいᵖv:non_self_reliant:i-ichidan-a:conjunctiveᵇいるᵈいるʳイ⌉⌈ˢますᵖauxv:auxv-masu:terminalʳマス⌉⌈ˢぞᵖprt:sentence_final_particleʳゾ⌉⌈ˢかᵖprt:sentence_final_particleʳカ⌉⌈ˢ？ᵖauxs:periodᵇ?ᵈ?ʳ?⌉
この国はどのぐらいいるつもりですぞか。	-0.043735258281230927	-1.0	0.9144422562544641	⌈ˢこのᵖatʳコノ⌉⌈ˢ国ᵖn:common_nounʳクニ⌉⌈ˢはᵖprt:binding_particleʳハ⌉⌈ˢどのᵖatʳドノ⌉⌈ˢぐらいᵖprt:adverbial_particleʳグライ⌉⌈ˢいるᵖv:non_self_reliant:i-ichidan-a:attributiveʳイル⌉⌈ˢつもりᵖn:common_nounʳツモリ⌉⌈ˢですᵖauxv:auxv-desu:terminalʳデス⌉⌈ˢぞᵖprt:sentence_final_particleʳゾ⌉⌈ˢかᵖprt:sentence_final_particleʳカ⌉⌈ˢ。ᵖauxs:period⌉
このあたりはお詳しいですぜか。	-0.06449662894010544	-1.0	0.8751665572644267	⌈ˢこのᵖatʳコノ⌉⌈ˢあたりᵖn:common_noun:adverb-possibleʳアタリ⌉⌈ˢはᵖprt:binding_particleʳハ⌉⌈ˢおᵖprefʳオ⌉⌈ˢ詳しいᵖadj:general:adjective:terminalʳクワシイ⌉⌈ˢですᵖauxv:auxv-desu:terminalʳデス⌉⌈ˢぜᵖprt:sentence_final_particleʳゼ⌉⌈ˢかᵖprt:sentence_final_particleʳカ⌉⌈ˢ。ᵖauxs:period⌉
缶を開けてもいいですかぞ。	-0.06674771010875702	-1.0	0.8709598365872486	⌈ˢ缶ᵖn:common_noun:counter-possibleʳカン⌉⌈ˢをᵖprt:case_particleʳヲ⌉⌈ˢ開けᵖv:general:e-ichidan-ka:conjunctiveᵇ開けるᵈ開けるʳアケ⌉⌈ˢてᵖprt:conjunctive_particleʳテ⌉⌈ˢもᵖprt:binding_particleʳモ⌉⌈ˢいいᵖadj:non_self_reliant:adjective:terminalʳイイ⌉⌈ˢですᵖauxv:auxv-desu:terminalʳデス⌉⌈ˢかᵖprt:sentence_final_particleʳカ⌉⌈ˢぞᵖprt:sentence_final_particleʳゾ⌉⌈ˢ。ᵖauxs:period⌉
この町は気にに入りましたか。	-0.08076635003089905	0.0	0.006523203297313707	⌈ˢこのᵖatʳコノ⌉⌈ˢ町ᵖn:common_nounʳマチ⌉⌈ˢはᵖprt:binding_particleʳハ⌉⌈ˢ気ᵖn:common_nounʳキ⌉⌈ˢにᵖprt:case_particleʳニ⌉⌈ˢにᵖprt:case_particleʳニ⌉⌈ˢ入りᵖv:general:godan-ra:conjunctiveᵇ入るᵈ入るʳハイリ⌉⌈ˢましᵖauxv:auxv-masu:conjunctiveᵇますᵈますʳマシ⌉⌈ˢたᵖauxv:auxv-ta:terminalʳタ⌉⌈ˢかᵖprt:sentence_final_particleʳカ⌉⌈ˢ。ᵖauxs:period⌉
その机はメグには小さすぎるは。	-0.059671800583601	0.0	0.0035607237848890444	⌈ˢそのᵖatʳソノ⌉⌈ˢ机ᵖn:common_nounʳツクエ⌉⌈ˢはᵖprt:binding_particleʳハ⌉⌈ˢメグᵖn:proper_noun:person-name⌉⌈ˢにᵖprt:case_particleʳニ⌉⌈ˢはᵖprt:binding_particleʳハ⌉⌈ˢ小さᵖadj:general:adjective:stemᵇ小さいᵈ小さいʳチイサ⌉⌈ˢすぎるᵖv:non_self_reliant:i-ichidan-ga:terminalʳスギル⌉⌈ˢはᵖprt:binding_particleʳハ⌉⌈ˢ。ᵖauxs:period⌉
家の犬は庭に骨を埋める。	-0.05917896330356598	0.0	0.0035021496976848088	⌈ˢ家ᵖn:common_nounʳイエ⌉⌈ˢのᵖprt:case_particleʳノ⌉⌈ˢ犬ᵖn:common_nounʳイヌ⌉⌈ˢはᵖprt:binding_particleʳハ⌉⌈ˢ庭ᵖn:common_nounʳニワ⌉⌈ˢにᵖprt:case_particleʳニ⌉⌈ˢ骨ᵖn:common_nounʳホネ⌉⌈ˢをᵖprt:case_particleʳヲ⌉⌈ˢ埋めるᵖv:general:e-ichidan-ma:terminalʳウメル⌉⌈ˢ。ᵖauxs:period⌉
トムとメアリーは一時間近くその問題について話し合っている。	-0.056263845413923264	0.0	0.003165620300761854	⌈ˢトムᵖn:proper_noun:person-name⌉⌈ˢとᵖprt:case_particleʳト⌉⌈ˢメアリーᵖn:proper_noun:person-name⌉⌈ˢはᵖprt:binding_particleʳハ⌉⌈ˢ一ᵖn:numeralʳイチ⌉⌈ˢ時間ᵖn:common_noun:counter-possibleʳジカン⌉⌈ˢ近くᵖn:common_noun:adverb-possibleʳチカク⌉⌈ˢそのᵖatʳソノ⌉⌈ˢ問題ᵖn:common_nounʳモンダイ⌉⌈ˢにᵖprt:case_particleʳニ⌉⌈ˢついᵖv:general:godan-ka:conjunctive-i-soundᵇつくᵈつくʳツイ⌉⌈ˢてᵖprt:conjunctive_particleʳテ⌉⌈ˢ話し合っᵖv:general:godan-waa:conjunctive-geminateᵇ話し合うᵈ話し合うʳハナシアッ⌉⌈ˢてᵖprt:conjunctive_particleʳテ⌉⌈ˢいるᵖv:non_self_reliant:i-ichidan-a:terminalʳイル⌉⌈ˢ。ᵖauxs:period⌉
どこからかハープの流麗な調べが聞こえてきたた。	-0.05577336624264717	0.0	0.003110668382036455	⌈ˢどこᵖpronʳドコ⌉⌈ˢからᵖprt:case_particleʳカラ⌉⌈ˢかᵖprt:adverbial_particleʳカ⌉⌈ˢハープᵖn:common_noun⌉⌈ˢのᵖprt:case_particleʳノ⌉⌈ˢ流麗ᵖshp:generalʳリュウレイ⌉⌈ˢなᵖauxv:auxv-da:attributiveᵇだᵈだʳナ⌉⌈ˢ調べᵖn:common_nounʳシラベ⌉⌈ˢがᵖprt:case_particleʳガ⌉⌈ˢ聞こえᵖv:general:e-ichidan-a:conjunctiveᵇ聞こえるᵈ聞こえるʳキコエ⌉⌈ˢてᵖprt:conjunctive_particleʳテ⌉⌈ˢきᵖv:non_self_reliant:ka-irregular:conjunctiveᵇくるᵈくるʳキ⌉⌈ˢたᵖauxv:auxv-ta:terminalʳタ⌉⌈ˢたᵖauxv:auxv-ta:terminalʳタ⌉⌈ˢ。ᵖauxs:period⌉
その茶碗にはひびがあるです。	-0.05154283344745636	0.0	0.002656663679792226	⌈ˢそのᵖatʳソノ⌉⌈ˢ茶碗ᵖn:common_nounʳチャワン⌉⌈ˢにᵖprt:case_particleʳニ⌉⌈ˢはᵖprt:binding_particleʳハ⌉⌈ˢひびᵖn:common_nounʳヒビ⌉⌈ˢがᵖprt:case_particleʳガ⌉⌈ˢあるᵖv:non_self_reliant:godan-ra:terminalʳアル⌉⌈ˢですᵖauxv:auxv-desu:terminalʳデス⌉⌈ˢ。ᵖauxs:period⌉
この問題はこれまでににする。	-0.05132929980754852	0.0	0.002634697018733201	⌈ˢこのᵖatʳコノ⌉⌈ˢ問題ᵖn:common_nounʳモンダイ⌉⌈ˢはᵖprt:binding_particleʳハ⌉⌈ˢこれᵖpronʳコレ⌉⌈ˢまでᵖprt:adverbial_particleʳマデ⌉⌈ˢにᵖprt:case_particleʳニ⌉⌈ˢにᵖprt:case_particleʳニ⌉⌈ˢするᵖv:non_self_reliant:sa-irregular:terminalʳスル⌉⌈ˢ。ᵖauxs:period⌉
トムはそれがどう動くか、詳しくメアリーに説明しるた。	-0.049926452338695526	0.0	0.002492650643128036	⌈ˢトムᵖn:proper_noun:person-name⌉⌈ˢはᵖprt:binding_particleʳハ⌉⌈ˢそれᵖpronʳソレ⌉⌈ˢがᵖprt:case_particleʳガ⌉⌈ˢどうᵖadvʳドウ⌉⌈ˢ動くᵖv:general:godan-ka:terminalʳウゴク⌉⌈ˢかᵖprt:adverbial_particleʳカ⌉⌈ˢ、ᵖauxs:comma⌉⌈ˢ詳しくᵖadj:general:adjective:conjunctiveᵇ詳しいᵈ詳しいʳクワシク⌉⌈ˢメアリーᵖn:proper_noun:person-name⌉⌈ˢにᵖprt:case_particleʳニ⌉⌈ˢ説明ᵖn:common_noun:suru-possibleʳセツメイ⌉⌈ˢしᵖv:non_self_reliant:sa-irregular:conjunctiveᵇするᵈするʳシ⌉⌈ˢるᵖauxv:auxv-ri:attributiveᵇりᵈりʳル⌉⌈ˢたᵖauxv:auxv-ta:terminalʳタ⌉⌈ˢ。ᵖauxs:period⌉
彼の食べるものは粗末だったです。	-0.04788322374224663	0.0	0.002292803115950051	⌈ˢ彼ᵖpronʳカレ⌉⌈ˢのᵖprt:case_particleʳノ⌉⌈ˢ食べるᵖv:general:e-ichidan-ba:attributiveʳタベル⌉⌈ˢものᵖn:common_noun:suru-possibleʳモノ⌉⌈ˢはᵖprt:binding_particleʳハ⌉⌈ˢ粗末ᵖshp:generalʳソマツ⌉⌈ˢだっᵖauxv:auxv-da:conjunctive-geminateᵇだᵈだʳダッ⌉⌈ˢたᵖauxv:auxv-ta:terminalʳタ⌉⌈ˢですᵖauxv:auxv-desu:terminalʳデス⌉⌈ˢ。ᵖauxs:period⌉
彼女は出かけようとしていたところだった。	0.047611091285943985	0.0	0.0022668160134384913	⌈ˢ彼女ᵖpronʳカノジョ⌉⌈ˢはᵖprt:binding_particleʳハ⌉⌈ˢ出かけようᵖv:general:e-ichidan-ka:volitional-presumptiveᵇ出かけるᵈ出かけるʳデカケヨウ⌉⌈ˢとᵖprt:case_particleʳト⌉⌈ˢしᵖv:non_self_reliant:sa-irregular:conjunctiveᵇするᵈするʳシ⌉⌈ˢてᵖprt:conjunctive_particleʳテ⌉⌈ˢいᵖv:non_self_reliant:i-ichidan-a:conjunctiveᵇいるᵈいるʳイ⌉⌈ˢたᵖauxv:auxv-ta:attributiveʳタ⌉⌈ˢところᵖn:common_noun:adverb-possibleʳトコロ⌉⌈ˢだっᵖauxv:auxv-da:conjunctive-geminateᵇだᵈだʳダッ⌉⌈ˢたᵖauxv:auxv-ta:terminalʳタ⌉⌈ˢ。ᵖauxs:period⌉
君がが書くｏはａに見えるね。	-0.047045204788446426	0.0	0.0022132512935868626	⌈ˢ君ᵖpronʳキミ⌉⌈ˢがᵖprt:case_particleʳガ⌉⌈ˢがᵖprt:case_particleʳガ⌉⌈ˢ書くᵖv:general:godan-ka:attributiveʳカク⌉⌈ˢｏᵖn:common_nounᵇoᵈoʳo⌉⌈ˢはᵖprt:binding_particleʳハ⌉⌈ˢａᵖn:common_noun:counter-possibleᵇaᵈaʳアール⌉⌈ˢにᵖprt:case_particleʳニ⌉⌈ˢ見えるᵖv:general:e-ichidan-a:terminalʳミエル⌉⌈ˢねᵖprt:sentence_final_particleʳネ⌉⌈ˢ。ᵖauxs:period⌉
私は外国ににたくさんの友達がいます。	-0.04612332955002785	0.0	0.002127361528780472	⌈ˢ私ᵖpronʳワタクシ⌉⌈ˢはᵖprt:binding_particleʳハ⌉⌈ˢ外国ᵖn:common_nounʳガイコク⌉⌈ˢにᵖprt:case_particleʳニ⌉⌈ˢにᵖprt:case_particleʳニ⌉⌈ˢたくさんᵖshp:generalʳタクサン⌉⌈ˢのᵖprt:case_particleʳノ⌉⌈ˢ友達ᵖn:common_nounʳトモダチ⌉⌈ˢがᵖprt:case_particleʳガ⌉⌈ˢいᵖv:non_self_reliant:i-ichidan-a:conjunctiveᵇいるᵈいるʳイ⌉⌈ˢますᵖauxv:auxv-masu:terminalʳマス⌉⌈ˢ。ᵖauxs:period⌉
なにがなんでも、彼女は明日手術を受けるはでしょう。	-0.04502424970269203	0.0	0.0020271830612903635	⌈ˢなにᵖpronʳナニ⌉⌈ˢがᵖprt:case_particleʳガ⌉⌈ˢなんᵖpronʳナン⌉⌈ˢでᵖprt:case_particleʳデ⌉⌈ˢもᵖprt:binding_particleʳモ⌉⌈ˢ、ᵖauxs:comma⌉⌈ˢ彼女ᵖpronʳカノジョ⌉⌈ˢはᵖprt:binding_particleʳハ⌉⌈ˢ明日ᵖn:common_noun:adverb-possibleʳアス⌉⌈ˢ手術ᵖn:common_noun:suru-possibleʳシュジュツ⌉⌈ˢをᵖprt:case_particleʳヲ⌉⌈ˢ受けるᵖv:general:e-ichidan-ka:terminalʳウケル⌉⌈ˢはᵖprt:binding_particleʳハ⌉⌈ˢでしょうᵖauxv:auxv-desu:volitional-presumptiveᵇですᵈですʳデショウ⌉⌈ˢ。ᵖauxs:period⌉
その夜の大半をを、私たちは休暇のことを話し合って過ごした。	-0.044465936720371246	0.0	0.00197721952842006	⌈ˢそのᵖatʳソノ⌉⌈ˢ夜ᵖn:common_noun:adverb-possibleʳヨル⌉⌈ˢのᵖprt:case_particleʳノ⌉⌈ˢ大半ᵖn:common_nounʳタイハン⌉⌈ˢをᵖprt:case_particleʳヲ⌉⌈ˢをᵖprt:case_particleʳヲ⌉⌈ˢ、ᵖauxs:comma⌉⌈ˢ私たちᵖpronʳワタシタチ⌉⌈ˢはᵖprt:binding_particleʳハ⌉⌈ˢ休暇ᵖn:common_nounʳキュウカ⌉⌈ˢのᵖprt:case_particleʳノ⌉⌈ˢことᵖn:common_nounʳコト⌉⌈ˢをᵖprt:case_particleʳヲ⌉⌈ˢ話し合っᵖv:general:godan-waa:conjunctive-geminateᵇ話し合うᵈ話し合うʳハナシアッ⌉⌈ˢてᵖprt:conjunctive_particleʳテ⌉⌈ˢ過ごしᵖv:general:godan-sa:conjunctiveᵇ過ごすᵈ過ごすʳスゴシ⌉⌈ˢたᵖauxv:auxv-ta:terminalʳタ⌉⌈ˢ。ᵖauxs:period⌉
本気出しても大したことないことが自分で分かっちゃったからな。信じられた昔が懐かしいだ。	-0.04298319295048714	0.0	0.001847554876218807	⌈ˢ本気ᵖn:common_noun:pos2-unk1ʳホンキ⌉⌈ˢ出しᵖv:non_self_reliant:godan-sa:conjunctiveᵇ出すᵈ出すʳダシ⌉⌈ˢてᵖprt:conjunctive_particleʳテ⌉⌈ˢもᵖprt:binding_particleʳモ⌉⌈ˢ大したᵖatʳタイシタ⌉⌈ˢことᵖn:common_nounʳコト⌉⌈ˢないᵖadj:non_self_reliant:adjective:attributiveʳナイ⌉⌈ˢことᵖn:common_nounʳコト⌉⌈ˢがᵖprt:case_particleʳガ⌉⌈ˢ自分ᵖn:common_nounʳジブン⌉⌈ˢでᵖprt:case_particleʳデ⌉⌈ˢ分かっᵖv:general:godan-ra:conjunctive-geminateᵇ分かるᵈ分かるʳワカッ⌉⌈ˢちゃっᵖauxv:godan-waa:conjunctive-geminateᵇちゃうᵈちゃうʳチャッ⌉⌈ˢたᵖauxv:auxv-ta:terminalʳタ⌉⌈ˢからᵖprt:conjunctive_particleʳカラ⌉⌈ˢなᵖprt:sentence_final_particleʳナ⌉⌈ˢ。ᵖauxs:period⌉⌈ˢ信じᵖv:general:sa-irregular:imperfectiveᵇ信ずるᵈ信ずるʳシンジ⌉⌈ˢられᵖauxv:auxv-reru:conjunctiveᵇられるᵈられるʳラレ⌉⌈ˢたᵖauxv:auxv-ta:attributiveʳタ⌉⌈ˢ昔ᵖn:common_noun:adverb-possibleʳムカシ⌉⌈ˢがᵖprt:case_particleʳガ⌉⌈ˢ懐かしいᵖadj:general:adjective:terminalʳナツカシイ⌉⌈ˢだᵖauxv:auxv-da:terminalʳダ⌉⌈ˢ。ᵖauxs:period⌉
チップがグラス一つの中の１０個であれば、ウェイトレスは次の客に備えて急いでテーブルを片付けようとしてグラスを持ち上げ、水がこぼれだし、事はおしまいということになろう。	-0.04175227880477905	0.0	0.0017432527853920021	⌈ˢチップᵖn:common_noun⌉⌈ˢがᵖprt:case_particleʳガ⌉⌈ˢグラスᵖn:common_noun⌉⌈ˢ一ᵖn:numeralʳヒト⌉⌈ˢつᵖsuff:noun_like:counterʳツ⌉⌈ˢのᵖprt:case_particleʳノ⌉⌈ˢ中ᵖn:common_noun:adverb-possibleʳナカ⌉⌈ˢのᵖprt:case_particleʳノ⌉⌈ˢ１０ᵖn:numeralᵇ10ᵈ10ʳイチレイ⌉⌈ˢ個ᵖsuff:noun_like:counterʳコ⌉⌈ˢでᵖauxv:auxv-da:conjunctiveᵇだᵈだʳデ⌉⌈ˢあれᵖv:non_self_reliant:godan-ra:conditionalᵇあるᵈあるʳアレ⌉⌈ˢばᵖprt:conjunctive_particleʳバ⌉⌈ˢ、ᵖauxs:comma⌉⌈ˢウェイトレスᵖn:common_noun⌉⌈ˢはᵖprt:binding_particleʳハ⌉⌈ˢ次ᵖn:common_nounʳツギ⌉⌈ˢのᵖprt:case_particleʳノ⌉⌈ˢ客ᵖn:common_nounʳキャク⌉⌈ˢにᵖprt:case_particleʳニ⌉⌈ˢ備えᵖv:general:e-ichidan-a:conjunctiveᵇ備えるᵈ備えるʳソナエ⌉⌈ˢてᵖprt:conjunctive_particleʳテ⌉⌈ˢ急いᵖv:general:godan-ga:conjunctive-i-soundᵇ急ぐᵈ急ぐʳイソイ⌉⌈ˢでᵖprt:conjunctive_particleʳデ⌉⌈ˢテーブルᵖn:common_noun⌉⌈ˢをᵖprt:case_particleʳヲ⌉⌈ˢ片付けようᵖv:general:e-ichidan-ka:volitional-presumptiveᵇ片付けるᵈ片付けるʳカタヅケヨウ⌉⌈ˢとᵖprt:case_particleʳト⌉⌈ˢしᵖv:non_self_reliant:sa-irregular:conjunctiveᵇするᵈするʳシ⌉⌈ˢてᵖprt:conjunctive_particleʳテ⌉⌈ˢグラスᵖn:common_noun⌉⌈ˢをᵖprt:case_particleʳヲ⌉⌈ˢ持ち上げᵖv:general:e-ichidan-ga:conjunctiveᵇ持ち上げるᵈ持ち上げるʳモチアゲ⌉⌈ˢ、ᵖauxs:comma⌉⌈ˢ水ᵖn:common_nounʳミズ⌉⌈ˢがᵖprt:case_particleʳガ⌉⌈ˢこぼれᵖn:common_nounʳコボレ⌉⌈ˢだᵖauxv:auxv-da:terminalʳダ⌉⌈ˢしᵖprt:conjunctive_particleʳシ⌉⌈ˢ、ᵖauxs:comma⌉⌈ˢ事ᵖn:common_nounʳコト⌉⌈ˢはᵖprt:binding_particleʳハ⌉⌈ˢおしまいᵖn:common_nounʳオシマイ⌉⌈ˢとᵖprt:case_particleʳト⌉⌈ˢいうᵖv:general:godan-waa:attributiveʳイウ⌉⌈ˢことᵖn:common_nounʳコト⌉⌈ˢにᵖprt:case_particleʳニ⌉⌈ˢなろうᵖv:non_self_reliant:godan-ra:volitional-presumptiveᵇなるᵈなるʳナロウ⌉⌈ˢ。ᵖauxs:period⌉
みんな彼女の勇気に驚嘆したです。	-0.04075018689036369	0.0	0.001660577731599569	⌈ˢみんなᵖn:common_noun:adverb-possibleʳミンナ⌉⌈ˢ彼女ᵖpronʳカノジョ⌉⌈ˢのᵖprt:case_particleʳノ⌉⌈ˢ勇気ᵖn:common_nounʳユウキ⌉⌈ˢにᵖprt:case_particleʳニ⌉⌈ˢ驚嘆ᵖn:common_noun:suru-possibleʳキョウタン⌉⌈ˢしᵖv:non_self_reliant:sa-irregular:conjunctiveᵇするᵈするʳシ⌉⌈ˢたᵖauxv:auxv-ta:terminalʳタ⌉⌈ˢですᵖauxv:auxv-desu:terminalʳデス⌉⌈ˢ。ᵖauxs:period⌉
「寝てた？」「爆睡」「そ、そうか？」「なんかうなされてたよ。怖いな夢でも見てた？」	-0.03753281757235527	0.0	0.0014087123949197006	⌈ˢ「ᵖauxs:bracket_openʳキゴウ⌉⌈ˢ寝ᵖv:general:e-ichidan-na:conjunctiveᵇ寝るᵈ寝るʳネ⌉⌈ˢてᵖauxv:e-ichidan-ta:conjunctiveᵇてるᵈてるʳテ⌉⌈ˢたᵖauxv:auxv-ta:terminalʳタ⌉⌈ˢ？ᵖauxs:periodᵇ?ᵈ?ʳ?⌉⌈ˢ」ᵖauxs:bracket_closeʳキゴウ⌉⌈ˢ「ᵖauxs:bracket_openʳキゴウ⌉⌈ˢ爆睡ᵖn:common_noun:suru-possibleʳバクスイ⌉⌈ˢ」ᵖauxs:bracket_closeʳキゴウ⌉⌈ˢ「ᵖauxs:bracket_openʳキゴウ⌉⌈ˢそᵖadvʳソ⌉⌈ˢ、ᵖauxs:comma⌉⌈ˢそうᵖadvʳソウ⌉⌈ˢかᵖprt:sentence_final_particleʳカ⌉⌈ˢ？ᵖauxs:periodᵇ?ᵈ?ʳ?⌉⌈ˢ」ᵖauxs:bracket_closeʳキゴウ⌉⌈ˢ「ᵖauxs:bracket_openʳキゴウ⌉⌈ˢなんᵖpronʳナン⌉⌈ˢかᵖprt:adverbial_particleʳカ⌉⌈ˢうᵖint:fillerʳウ⌉⌈ˢなさᵖv:general:godan-sa:imperfectiveᵇなすᵈなすʳナサ⌉⌈ˢれᵖauxv:auxv-reru:conjunctiveᵇれるᵈれるʳレ⌉⌈ˢてᵖauxv:e-ichidan-ta:conjunctiveᵇてるᵈてるʳテ⌉⌈ˢたᵖauxv:auxv-ta:terminalʳタ⌉⌈ˢよᵖprt:sentence_final_particleʳヨ⌉⌈ˢ。ᵖauxs:period⌉⌈ˢ怖いᵖadj:general:adjective:terminalʳコワイ⌉⌈ˢなᵖprt:sentence_final_particleʳナ⌉⌈ˢ夢ᵖn:common_nounʳユメ⌉⌈ˢでᵖprt:case_particleʳデ⌉⌈ˢもᵖprt:binding_particleʳモ⌉⌈ˢ見ᵖv:non_self_reliant:i-ichidan-ma:conjunctiveᵇ見るᵈ見るʳミ⌉⌈ˢてᵖauxv:e-ichidan-ta:conjunctiveᵇてるᵈてるʳテ⌉⌈ˢたᵖauxv:auxv-ta:terminalʳタ⌉⌈ˢ？ᵖauxs:periodᵇ?ᵈ?ʳ?⌉⌈ˢ」ᵖauxs:bracket_closeʳキゴウ⌉
どうかしましたか。顔色が悪いですのだよ。	-0.03665933758020401	0.0	0.001343907031819358	⌈ˢどうᵖadvʳドウ⌉⌈ˢかᵖprt:adverbial_particleʳカ⌉⌈ˢしᵖv:non_self_reliant:sa-irregular:conjunctiveᵇするᵈするʳシ⌉⌈ˢましᵖauxv:auxv-masu:conjunctiveᵇますᵈますʳマシ⌉⌈ˢたᵖauxv:auxv-ta:terminalʳタ⌉⌈ˢかᵖprt:sentence_final_particleʳカ⌉⌈ˢ。ᵖauxs:period⌉⌈ˢ顔色ᵖn:common_nounʳカオイロ⌉⌈ˢがᵖprt:case_particleʳガ⌉⌈ˢ悪いᵖadj:general:adjective:terminalʳワルイ⌉⌈ˢですᵖauxv:auxv-desu:attributiveʳデス⌉⌈ˢのᵖprt:pre_noun_particleʳノ⌉⌈ˢだᵖauxv:auxv-da:terminalʳダ⌉⌈ˢよᵖprt:sentence_final_particleʳヨ⌉⌈ˢ。ᵖauxs:period⌉
手紙を書いた方がいいと思いますのだか。	0.03630698472261429	0.0	0.0013181971396481473	⌈ˢ手紙ᵖn:common_nounʳテガミ⌉⌈ˢをᵖprt:case_particleʳヲ⌉⌈ˢ書いᵖv:general:godan-ka:conjunctive-i-soundᵇ書くᵈ書くʳカイ⌉⌈ˢたᵖauxv:auxv-ta:attributiveʳタ⌉⌈ˢ方ᵖn:common_nounʳホウ⌉⌈ˢがᵖprt:case_particleʳガ⌉⌈ˢいいᵖadj:non_self_reliant:adjective:terminalʳイイ⌉⌈ˢとᵖprt:case_particleʳト⌉⌈ˢ思いᵖv:general:godan-waa:conjunctiveᵇ思うᵈ思うʳオモイ⌉⌈ˢますᵖauxv:auxv-masu:attributiveʳマス⌉⌈ˢのᵖprt:pre_noun_particleʳノ⌉⌈ˢだᵖauxv:auxv-da:terminalʳダ⌉⌈ˢかᵖprt:sentence_final_particleʳカ⌉⌈ˢ。ᵖauxs:period⌉
彼らはオリンピックにさんかしたがっているだ。	-0.03515932708978653	0.0	0.001236178281406597	⌈ˢ彼ᵖpronʳカレ⌉⌈ˢらᵖsuff:noun_likeʳラ⌉⌈ˢはᵖprt:binding_particleʳハ⌉⌈ˢオリンピックᵖn:common_noun⌉⌈ˢにᵖprt:case_particleʳニ⌉⌈ˢさんᵖsuff:noun_likeʳサン⌉⌈ˢかᵖprt:adverbial_particleʳカ⌉⌈ˢしたがっᵖv:general:godan-waa:conjunctive-geminateᵇしたがうᵈしたがうʳシタガッ⌉⌈ˢてᵖprt:conjunctive_particleʳテ⌉⌈ˢいるᵖv:non_self_reliant:i-ichidan-a:terminalʳイル⌉⌈ˢだᵖauxv:auxv-da:terminalʳダ⌉⌈ˢ。ᵖauxs:period⌉
彼は裕福なので、何でもできるは。	-0.03430118411779404	0.0	0.0011765712318828059	⌈ˢ彼ᵖpronʳカレ⌉⌈ˢはᵖprt:binding_particleʳハ⌉⌈ˢ裕福ᵖshp:generalʳユウフク⌉⌈ˢなᵖauxv:auxv-da:attributiveᵇだᵈだʳナ⌉⌈ˢのᵖprt:pre_noun_particleʳノ⌉⌈ˢでᵖauxv:auxv-da:conjunctiveᵇだᵈだʳデ⌉⌈ˢ、ᵖauxs:comma⌉⌈ˢ何ᵖpronʳナン⌉⌈ˢでᵖprt:case_particleʳデ⌉⌈ˢもᵖprt:binding_particleʳモ⌉⌈ˢできるᵖv:non_self_reliant:i-ichidan-ka:terminalʳデキル⌉⌈ˢはᵖprt:binding_particleʳハ⌉⌈ˢ。ᵖauxs:period⌉
私は働き過ぎだと思うです。	0.033598266541957855	0.0	0.0011288435146244447	⌈ˢ私ᵖpronʳワタクシ⌉⌈ˢはᵖprt:binding_particleʳハ⌉⌈ˢ働きᵖv:general:godan-ka:conjunctiveᵇ働くᵈ働くʳハタラキ⌉⌈ˢ過ぎᵖsuff:shape_word_likeʳスギ⌉⌈ˢだᵖauxv:auxv-da:terminalʳダ⌉⌈ˢとᵖprt:case_particleʳト⌉⌈ˢ思うᵖv:general:godan-waa:terminalʳオモウ⌉⌈ˢですᵖauxv:auxv-desu:terminalʳデス⌉⌈ˢ。ᵖauxs:period⌉
そんなに大声で話す必要はないだ。	-0.031885355710983276	0.0	0.0010166759088159338	⌈ˢそんなᵖshp:generalʳソンナ⌉⌈ˢにᵖauxv:auxv-da:conjunctive-niᵇだᵈだʳニ⌉⌈ˢ大声ᵖn:common_nounʳオオゴエ⌉⌈ˢでᵖprt:case_particleʳデ⌉⌈ˢ話すᵖv:general:godan-sa:attributiveʳハナス⌉⌈ˢ必要ᵖn:common_noun:pos2-unk1ʳヒツヨウ⌉⌈ˢはᵖprt:binding_particleʳハ⌉⌈ˢないᵖadj:non_self_reliant:adjective:terminalʳナイ⌉⌈ˢだᵖauxv:auxv-da:terminalʳダ⌉⌈ˢ。ᵖauxs:period⌉
その問題の解決策について我々は意見を異にしるた。	-0.03187662363052368	0.0	0.0010161191340820608	⌈ˢそのᵖatʳソノ⌉⌈ˢ問題ᵖn:common_nounʳモンダイ⌉⌈ˢのᵖprt:case_particleʳノ⌉⌈ˢ解決策ᵖn:common_nounʳカイケツサク⌉⌈ˢにᵖprt:case_particleʳニ⌉⌈ˢついᵖv:general:godan-ka:conjunctive-i-soundᵇつくᵈつくʳツイ⌉⌈ˢてᵖprt:conjunctive_particleʳテ⌉⌈ˢ我々ᵖpronʳワレワレ⌉⌈ˢはᵖprt:binding_particleʳハ⌉⌈ˢ意見ᵖn:common_noun:suru-possibleʳイケン⌉⌈ˢをᵖprt:case_particleʳヲ⌉⌈ˢ異ᵖn:common_nounʳコト⌉⌈ˢにᵖprt:case_particleʳニ⌉⌈ˢしるᵖv:general:godan-ra:terminalʳシル⌉⌈ˢたᵖauxv:auxv-ta:terminalʳタ⌉⌈ˢ。ᵖauxs:period⌉
スポーツに興味あるぞわ？	-0.031818829476833344	0.0	0.0010124379092757985	⌈ˢスポーツᵖn:common_noun:suru-possible⌉⌈ˢにᵖprt:case_particleʳニ⌉⌈ˢ興味ᵖn:common_nounʳキョウミ⌉⌈ˢあるᵖv:non_self_reliant:godan-ra:attributiveʳアル⌉⌈ˢぞわᵖadvʳゾワ⌉⌈ˢ？ᵖauxs:periodᵇ?ᵈ?ʳ?⌉
アイザック・ニュートンは近代科学の祖ととたびたび言われるが、彼の晩年はもっぱら錬金術を研究していた。	-0.031604401767253876	0.0	0.000998838211066	⌈ˢアイザック・ニュートンᵖn:proper_noun:person-name⌉⌈ˢはᵖprt:binding_particleʳハ⌉⌈ˢ近代ᵖn:common_nounʳキンダイ⌉⌈ˢ科学ᵖn:common_noun:suru-possibleʳカガク⌉⌈ˢのᵖprt:case_particleʳノ⌉⌈ˢ祖ᵖn:common_nounʳソ⌉⌈ˢとᵖprt:case_particleʳト⌉⌈ˢとᵖprt:case_particleʳト⌉⌈ˢたびたびᵖadvʳタビタビ⌉⌈ˢ言わᵖv:general:godan-waa:imperfectiveᵇ言うᵈ言うʳイワ⌉⌈ˢれるᵖauxv:auxv-reru:terminalʳレル⌉⌈ˢがᵖprt:conjunctive_particleʳガ⌉⌈ˢ、ᵖauxs:comma⌉⌈ˢ彼ᵖpronʳカレ⌉⌈ˢのᵖprt:case_particleʳノ⌉⌈ˢ晩年ᵖn:common_noun:adverb-possibleʳバンネン⌉⌈ˢはᵖprt:binding_particleʳハ⌉⌈ˢもっぱらᵖadvʳモッパラ⌉⌈ˢ錬金術ᵖn:common_nounʳレンキンジュツ⌉⌈ˢをᵖprt:case_particleʳヲ⌉⌈ˢ研究ᵖn:common_noun:suru-possibleʳケンキュウ⌉⌈ˢしᵖv:non_self_reliant:sa-irregular:conjunctiveᵇするᵈするʳシ⌉⌈ˢてᵖprt:conjunctive_particleʳテ⌉⌈ˢいᵖv:non_self_reliant:i-ichidan-a:conjunctiveᵇいるᵈいるʳイ⌉⌈ˢたᵖauxv:auxv-ta:terminalʳタ⌉⌈ˢ。ᵖauxs:period⌉
切符は１枚１０００円です。	-0.03149750828742981	0.0	0.0009920930283167095	⌈ˢ切符ᵖn:common_nounʳキップ⌉⌈ˢはᵖprt:binding_particleʳハ⌉⌈ˢ１ᵖn:numeralᵇ1ᵈ1ʳイチ⌉⌈ˢ枚ᵖsuff:noun_like:counterʳマイ⌉⌈ˢ１０００ᵖn:numeralᵇ1000ᵈ1000ʳイチレイレイレイ⌉⌈ˢ円ᵖn:common_noun:counter-possibleʳエン⌉⌈ˢですᵖauxv:auxv-desu:terminalʳデス⌉⌈ˢ。ᵖauxs:period⌉
木から落ちるりんごはみな豚に食べられてしまうです。	-0.03147593140602112	0.0	0.0009907342578765466	⌈ˢ木ᵖn:common_nounʳキ⌉⌈ˢからᵖprt:case_particleʳカラ⌉⌈ˢ落ちるᵖv:general:i-ichidan-ta:attributiveʳオチル⌉⌈ˢりんごᵖn:common_nounʳリンゴ⌉⌈ˢはᵖprt:binding_particleʳハ⌉⌈ˢみなᵖn:common_noun:adverb-possibleʳミナ⌉⌈ˢ豚ᵖn:common_nounʳブタ⌉⌈ˢにᵖprt:case_particleʳニ⌉⌈ˢ食べᵖv:general:e-ichidan-ba:imperfectiveᵇ食べるᵈ食べるʳタベ⌉⌈ˢられᵖauxv:auxv-reru:conjunctiveᵇられるᵈられるʳラレ⌉⌈ˢてᵖprt:conjunctive_particleʳテ⌉⌈ˢしまうᵖv:non_self_reliant:godan-waa:terminalʳシマウ⌉⌈ˢですᵖauxv:auxv-desu:terminalʳデス⌉⌈ˢ。ᵖauxs:period⌉
近いうちに選挙ががあるそうだ。	-0.03067971207201481	0.0	0.0009412447328217312	⌈ˢ近いうちにᵖn:proper_nounʳチカイウチニ⌉⌈ˢ選挙ᵖn:common_noun:suru-possibleʳセンキョ⌉⌈ˢがᵖprt:case_particleʳガ⌉⌈ˢがᵖprt:case_particleʳガ⌉⌈ˢあるᵖv:non_self_reliant:godan-ra:attributiveʳアル⌉⌈ˢそうᵖn:auxiliary_verb_stemʳソウ⌉⌈ˢだᵖauxv:auxv-da:terminalʳダ⌉⌈ˢ。ᵖauxs:period⌉
彼らは田舎にに行った。	-0.030416393652558327	0.0	0.0009251570028273905	⌈ˢ彼ᵖpronʳカレ⌉⌈ˢらᵖsuff:noun_likeʳラ⌉⌈ˢはᵖprt:binding_particleʳハ⌉⌈ˢ田舎ᵖn:common_nounʳイナカ⌉⌈ˢにᵖprt:case_particleʳニ⌉⌈ˢにᵖprt:case_particleʳニ⌉⌈ˢ行っᵖv:non_self_reliant:godan-ka:conjunctive-geminateᵇ行くᵈ行くʳイッ⌉⌈ˢたᵖauxv:auxv-ta:terminalʳタ⌉⌈ˢ。ᵖauxs:period⌉
彼は新しい方式を編み出した。	0.030232079327106476	0.0	0.0009139786204404587	⌈ˢ彼ᵖpronʳカレ⌉⌈ˢはᵖprt:binding_particleʳハ⌉⌈ˢ新しいᵖadj:general:adjective:attributiveʳアタラシイ⌉⌈ˢ方式ᵖn:common_nounʳホウシキ⌉⌈ˢをᵖprt:case_particleʳヲ⌉⌈ˢ編み出しᵖv:general:godan-sa:conjunctiveᵇ編み出すᵈ編み出すʳアミダシ⌉⌈ˢたᵖauxv:auxv-ta:terminalʳタ⌉⌈ˢ。ᵖauxs:period⌉
私は１時間後にに戻ります。	-0.027996262535452843	0.0	0.0007837907159540004	⌈ˢ私ᵖpronʳワタクシ⌉⌈ˢはᵖprt:binding_particleʳハ⌉⌈ˢ１ᵖn:numeralᵇ1ᵈ1ʳイチ⌉⌈ˢ時間ᵖn:common_noun:counter-possibleʳジカン⌉⌈ˢ後ᵖsuff:noun_like:adverb-possibleʳゴ⌉⌈ˢにᵖprt:case_particleʳニ⌉⌈ˢにᵖprt:case_particleʳニ⌉⌈ˢ戻りᵖv:general:godan-ra:conjunctiveᵇ戻るᵈ戻るʳモドリ⌉⌈ˢますᵖauxv:auxv-masu:terminalʳマス⌉⌈ˢ。ᵖauxs:period⌉
トムは本当にオーストラリア出身だと思う？	-0.02615603804588318	0.0	0.0006841383262576883	⌈ˢトムᵖn:proper_noun:person-name⌉⌈ˢはᵖprt:binding_particleʳハ⌉⌈ˢ本当ᵖn:common_nounʳホントウ⌉⌈ˢにᵖprt:case_particleʳニ⌉⌈ˢオーストラリアᵖn:proper_noun:place-name⌉⌈ˢ出身ᵖn:common_nounʳシュッシン⌉⌈ˢだᵖauxv:auxv-da:terminalʳダ⌉⌈ˢとᵖprt:case_particleʳト⌉⌈ˢ思うᵖv:general:godan-waa:terminalʳオモウ⌉⌈ˢ？ᵖauxs:periodᵇ?ᵈ?ʳ?⌉
厚生労働省は、日本でで発生した新型コロナのクラスターマップをホームページで公表した。	-0.026085946708917618	0.0	0.0006804766157004899	⌈ˢ厚生労働省ᵖn:common_nounʳコウセイロウドウショウ⌉⌈ˢはᵖprt:binding_particleʳハ⌉⌈ˢ、ᵖauxs:comma⌉⌈ˢ日本ᵖn:proper_noun:place-nameʳニッポン⌉⌈ˢでᵖprt:case_particleʳデ⌉⌈ˢでᵖconjʳデ⌉⌈ˢ発生ᵖn:common_noun:suru-possibleʳハッセイ⌉⌈ˢしᵖv:non_self_reliant:sa-irregular:conjunctiveᵇするᵈするʳシ⌉⌈ˢたᵖauxv:auxv-ta:attributiveʳタ⌉⌈ˢ新型コロナᵖn:common_nounʳシンガタコロナ⌉⌈ˢのᵖprt:case_particleʳノ⌉⌈ˢクラスターᵖn:common_noun⌉⌈ˢマップᵖn:common_noun:suru-possible⌉⌈ˢをᵖprt:case_particleʳヲ⌉⌈ˢホームページᵖn:common_noun⌉⌈ˢでᵖprt:case_particleʳデ⌉⌈ˢ公表ᵖn:common_noun:suru-possibleʳコウヒョウ⌉⌈ˢしᵖv:non_self_reliant:sa-irregular:conjunctiveᵇするᵈするʳシ⌉⌈ˢたᵖauxv:auxv-ta:terminalʳタ⌉⌈ˢ。ᵖauxs:period⌉
彼がが本を読むことがあっても、ごく稀なことだ。	-0.0258103646337986	0.0	0.0006661749225296415	⌈ˢ彼ᵖpronʳカレ⌉⌈ˢがᵖprt:case_particleʳガ⌉⌈ˢがᵖprt:case_particleʳガ⌉⌈ˢ本ᵖn:common_nounʳホン⌉⌈ˢをᵖprt:case_particleʳヲ⌉⌈ˢ読むᵖv:general:godan-ma:attributiveʳヨム⌉⌈ˢことᵖn:common_nounʳコト⌉⌈ˢがᵖprt:case_particleʳガ⌉⌈ˢあっᵖv:non_self_reliant:godan-ra:conjunctive-geminateᵇあるᵈあるʳアッ⌉⌈ˢてᵖprt:conjunctive_particleʳテ⌉⌈ˢもᵖprt:binding_particleʳモ⌉⌈ˢ、ᵖauxs:comma⌉⌈ˢごくᵖadvʳゴク⌉⌈ˢ稀ᵖshp:generalʳマレ⌉⌈ˢなᵖauxv:auxv-da:attributiveᵇだᵈだʳナ⌉⌈ˢことᵖn:common_nounʳコト⌉⌈ˢだᵖauxv:auxv-da:terminalʳダ⌉⌈ˢ。ᵖauxs:period⌉
喜んでそうさせていただきますのだ。	0.025765005499124527	0.0	0.0006638355083699171	⌈ˢ喜んᵖv:general:godan-ba:conjunctive-nasalᵇ喜ぶᵈ喜ぶʳヨロコン⌉⌈ˢでᵖprt:conjunctive_particleʳデ⌉⌈ˢそうᵖadvʳソウ⌉⌈ˢさᵖv:non_self_reliant:sa-irregular:imperfective-saᵇするᵈするʳサ⌉⌈ˢせᵖauxv:e-ichidan-sa:conjunctiveᵇせるᵈせるʳセ⌉⌈ˢてᵖprt:conjunctive_particleʳテ⌉⌈ˢいただきᵖv:non_self_reliant:godan-ka:conjunctiveᵇいただくᵈいただくʳイタダキ⌉⌈ˢますᵖauxv:auxv-masu:attributiveʳマス⌉⌈ˢのᵖprt:pre_noun_particleʳノ⌉⌈ˢだᵖauxv:auxv-da:terminalʳダ⌉⌈ˢ。ᵖauxs:period⌉
この寺は桜の花でで有名である。	-0.024833640083670616	0.0	0.0006167096798052919	⌈ˢこのᵖatʳコノ⌉⌈ˢ寺ᵖn:common_nounʳテラ⌉⌈ˢはᵖprt:binding_particleʳハ⌉⌈ˢ桜ᵖn:common_nounʳサクラ⌉⌈ˢのᵖprt:case_particleʳノ⌉⌈ˢ花ᵖn:common_nounʳハナ⌉⌈ˢでᵖauxv:auxv-da:conjunctiveᵇだᵈだʳデ⌉⌈ˢでᵖconjʳデ⌉⌈ˢ有名ᵖshp:generalʳユウメイ⌉⌈ˢでᵖauxv:auxv-da:conjunctiveᵇだᵈだʳデ⌉⌈ˢあるᵖv:non_self_reliant:godan-ra:terminalʳアル⌉⌈ˢ。ᵖauxs:period⌉
まだ早いのは分かっているけど、家で帰ろう。	-0.02470865659415722	0.0	0.000610517710687989	⌈ˢまだᵖadvʳマダ⌉⌈ˢ早いᵖadj:general:adjective:attributiveʳハヤイ⌉⌈ˢのᵖprt:pre_noun_particleʳノ⌉⌈ˢはᵖprt:binding_particleʳハ⌉⌈ˢ分かっᵖv:general:godan-ra:conjunctive-geminateᵇ分かるᵈ分かるʳワカッ⌉⌈ˢてᵖprt:conjunctive_particleʳテ⌉⌈ˢいるᵖv:non_self_reliant:i-ichidan-a:terminalʳイル⌉⌈ˢけどᵖprt:conjunctive_particleʳケド⌉⌈ˢ、ᵖauxs:comma⌉⌈ˢ家ᵖn:common_nounʳイエ⌉⌈ˢでᵖprt:case_particleʳデ⌉⌈ˢ帰ろうᵖv:general:godan-ra:volitional-presumptiveᵇ帰るᵈ帰るʳカエロウ⌉⌈ˢ。ᵖauxs:period⌉
彼は１時間ねむったです。	-0.024234384298324585	0.0	0.0005873053823188812	⌈ˢ彼ᵖpronʳカレ⌉⌈ˢはᵖprt:binding_particleʳハ⌉⌈ˢ１ᵖn:numeralᵇ1ᵈ1ʳイチ⌉⌈ˢ時間ᵖn:common_noun:counter-possibleʳジカン⌉⌈ˢねむっᵖv:general:godan-ra:conjunctive-geminateᵇねむるᵈねむるʳネムッ⌉⌈ˢたᵖauxv:auxv-ta:terminalʳタ⌉⌈ˢですᵖauxv:auxv-desu:terminalʳデス⌉⌈ˢ。ᵖauxs:period⌉
ごちそうを心行くまで味わった。	-0.02406245656311512	0.0	0.0005790018158518019	⌈ˢごちそうᵖn:common_noun:suru-possibleʳゴチソウ⌉⌈ˢをᵖprt:case_particleʳヲ⌉⌈ˢ心行くᵖv:general:godan-ka:attributiveʳココロユク⌉⌈ˢまでᵖprt:adverbial_particleʳマデ⌉⌈ˢ味わっᵖv:general:godan-waa:conjunctive-geminateᵇ味わうᵈ味わうʳアジワッ⌉⌈ˢたᵖauxv:auxv-ta:terminalʳタ⌉⌈ˢ。ᵖauxs:period⌉
彼には子供が１２人もいるます。	-0.023743197321891785	0.0	0.0005637394190662892	⌈ˢ彼ᵖpronʳカレ⌉⌈ˢにᵖprt:case_particleʳニ⌉⌈ˢはᵖprt:binding_particleʳハ⌉⌈ˢ子供ᵖn:common_nounʳコドモ⌉⌈ˢがᵖprt:case_particleʳガ⌉⌈ˢ１２ᵖn:numeralᵇ12ᵈ12ʳイチニ⌉⌈ˢ人ᵖsuff:noun_likeʳニン⌉⌈ˢもᵖprt:binding_particleʳモ⌉⌈ˢいるᵖv:non_self_reliant:i-ichidan-a:terminalʳイル⌉⌈ˢますᵖauxv:auxv-masu:terminalʳマス⌉⌈ˢ。ᵖauxs:period⌉
