sentence	predicted	actual	kotogram
「寒いだね。こんな寒いと冬眠したくなってくるよね」「えー、俺は寒い方がテンション上がるんだけど。むしろ夏ずっと眠ってたい」	neutral	masculine	⌈ˢ「ᵖauxs:bracket_openʳキゴウ⌉⌈ˢ寒いᵖadj:general:adjective:terminalʳサムイ⌉⌈ˢだᵖauxv:auxv-da:terminalʳダ⌉⌈ˢねᵖprt:sentence_final_particleʳネ⌉⌈ˢ。ᵖauxs:period⌉⌈ˢこんなᵖatʳコンナ⌉⌈ˢ寒いᵖadj:general:adjective:terminalʳサムイ⌉⌈ˢとᵖprt:case_particleʳト⌉⌈ˢ冬眠ᵖn:common_noun:suru-possibleʳトウミン⌉⌈ˢしᵖv:non_self_reliant:sa-irregular:conjunctiveᵇするᵈするʳシ⌉⌈ˢたくᵖauxv:auxv-tai:conjunctiveᵇたいᵈたいʳタク⌉⌈ˢなっᵖv:non_self_reliant:godan-ra:conjunctive-geminateᵇなるᵈなるʳナッ⌉⌈ˢてᵖprt:conjunctive_particleʳテ⌉⌈ˢくるᵖv:non_self_reliant:ka-irregular:terminalʳクル⌉⌈ˢよᵖprt:sentence_final_particleʳヨ⌉⌈ˢねᵖprt:sentence_final_particleʳネ⌉⌈ˢ」ᵖauxs:bracket_closeʳキゴウ⌉⌈ˢ「ᵖauxs:bracket_openʳキゴウ⌉⌈ˢえーᵖint:generalʳエー⌉⌈ˢ、ᵖauxs:comma⌉⌈ˢ俺ᵖpronʳオレ⌉⌈ˢはᵖprt:binding_particleʳハ⌉⌈ˢ寒いᵖadj:general:adjective:attributiveʳサムイ⌉⌈ˢ方ᵖn:common_nounʳホウ⌉⌈ˢがᵖprt:case_particleʳガ⌉⌈ˢテンションᵖn:common_noun⌉⌈ˢ上がるᵖv:general:godan-ra:attributiveʳアガル⌉⌈ˢんᵖprt:pre_noun_particleʳン⌉⌈ˢだᵖauxv:auxv-da:terminalʳダ⌉⌈ˢけどᵖprt:conjunctive_particleʳケド⌉⌈ˢ。ᵖauxs:period⌉⌈ˢむしろᵖadvʳムシロ⌉⌈ˢ夏ᵖn:common_noun:adverb-possibleʳナツ⌉⌈ˢずっとᵖadvʳズット⌉⌈ˢ眠っᵖv:general:godan-ra:conjunctive-geminateᵇ眠るᵈ眠るʳネムッ⌉⌈ˢてᵖauxv:e-ichidan-ta:conjunctiveᵇてるᵈてるʳテ⌉⌈ˢたいᵖauxv:auxv-tai:terminalʳタイ⌉⌈ˢ」ᵖauxs:bracket_closeʳキゴウ⌉
あなたは、日曜日に何をしますかぞ。	unpragmatic_gender	masculine	⌈ˢあなたᵖpronʳアナタ⌉⌈ˢはᵖprt:binding_particleʳハ⌉⌈ˢ、ᵖauxs:comma⌉⌈ˢ日曜日ᵖn:common_noun:adverb-possibleʳニチヨウビ⌉⌈ˢにᵖprt:case_particleʳニ⌉⌈ˢ何ᵖpronʳナン⌉⌈ˢをᵖprt:case_particleʳヲ⌉⌈ˢしᵖv:non_self_reliant:sa-irregular:conjunctiveᵇするᵈするʳシ⌉⌈ˢますᵖauxv:auxv-masu:terminalʳマス⌉⌈ˢかᵖprt:sentence_final_particleʳカ⌉⌈ˢぞᵖprt:sentence_final_particleʳゾ⌉⌈ˢ。ᵖauxs:period⌉
きっと彼はあなたをを信じると思いますよ。	masculine	neutral	⌈ˢきっとᵖadvʳキット⌉⌈ˢ彼ᵖpronʳカレ⌉⌈ˢはᵖprt:binding_particleʳハ⌉⌈ˢあなたᵖpronʳアナタ⌉⌈ˢをᵖprt:case_particleʳヲ⌉⌈ˢをᵖprt:case_particleʳヲ⌉⌈ˢ信じるᵖv:general:i-ichidan-za:terminalʳシンジル⌉⌈ˢとᵖprt:case_particleʳト⌉⌈ˢ思いᵖv:general:godan-waa:conjunctiveᵇ思うᵈ思うʳオモイ⌉⌈ˢますᵖauxv:auxv-masu:terminalʳマス⌉⌈ˢよᵖprt:sentence_final_particleʳヨ⌉⌈ˢ。ᵖauxs:period⌉
こう申し上げるのは心苦しいのですぜが、2月27日のお約束には行かれそうにありません。	neutral	masculine	⌈ˢこうᵖadvʳコウ⌉⌈ˢ申し上げるᵖv:general:e-ichidan-ga:attributiveʳモウシアゲル⌉⌈ˢのᵖprt:pre_noun_particleʳノ⌉⌈ˢはᵖprt:binding_particleʳハ⌉⌈ˢ心苦しいᵖadj:general:adjective:attributiveʳココログルシイ⌉⌈ˢのᵖprt:pre_noun_particleʳノ⌉⌈ˢですᵖauxv:auxv-desu:terminalʳデス⌉⌈ˢぜᵖprt:sentence_final_particleʳゼ⌉⌈ˢがᵖprt:case_particleʳガ⌉⌈ˢ、ᵖauxs:comma⌉⌈ˢ2ᵖn:numeralʳニ⌉⌈ˢ月ᵖn:common_noun:counter-possibleʳガツ⌉⌈ˢ27ᵖn:numeralʳニナナ⌉⌈ˢ日ᵖsuff:noun_like:counterʳカ⌉⌈ˢのᵖprt:case_particleʳノ⌉⌈ˢおᵖprefʳオ⌉⌈ˢ約束ᵖn:common_noun:suru-possibleʳヤクソク⌉⌈ˢにᵖprt:case_particleʳニ⌉⌈ˢはᵖprt:binding_particleʳハ⌉⌈ˢ行かᵖv:non_self_reliant:godan-ka:imperfectiveᵇ行くᵈ行くʳイカ⌉⌈ˢれᵖauxv:auxv-reru:conjunctiveᵇれるᵈれるʳレ⌉⌈ˢそうᵖshp:auxiliary_verb_stemʳソウ⌉⌈ˢにᵖauxv:auxv-da:conjunctive-niᵇだᵈだʳニ⌉⌈ˢありᵖv:non_self_reliant:godan-ra:conjunctiveᵇあるᵈあるʳアリ⌉⌈ˢませᵖauxv:auxv-masu:imperfectiveᵇますᵈますʳマセ⌉⌈ˢんᵖauxv:auxv-nu:terminal-nasalᵇぬᵈぬʳン⌉⌈ˢ。ᵖauxs:period⌉
ここは空いていますか？	masculine	neutral	⌈ˢここᵖpronʳココ⌉⌈ˢはᵖprt:binding_particleʳハ⌉⌈ˢ空いᵖv:general:godan-ka:conjunctive-i-soundᵇ空くᵈ空くʳアイ⌉⌈ˢてᵖprt:conjunctive_particleʳテ⌉⌈ˢいᵖv:non_self_reliant:i-ichidan-a:conjunctiveᵇいるᵈいるʳイ⌉⌈ˢますᵖauxv:auxv-masu:terminalʳマス⌉⌈ˢかᵖprt:sentence_final_particleʳカ⌉⌈ˢ？ᵖauxs:periodᵇ?ᵈ?ʳ?⌉
この壊れものを安全な場所に置いてもらえませんかぞ。	neutral	masculine	⌈ˢこのᵖatʳコノ⌉⌈ˢ壊れものᵖn:common_nounʳコワレモノ⌉⌈ˢをᵖprt:case_particleʳヲ⌉⌈ˢ安全ᵖn:common_noun:pos2-unk1ʳアンゼン⌉⌈ˢなᵖauxv:auxv-da:attributiveᵇだᵈだʳナ⌉⌈ˢ場所ᵖn:common_nounʳバショ⌉⌈ˢにᵖprt:case_particleʳニ⌉⌈ˢ置いᵖv:non_self_reliant:godan-ka:conjunctive-i-soundᵇ置くᵈ置くʳオイ⌉⌈ˢてᵖprt:conjunctive_particleʳテ⌉⌈ˢもらえᵖv:non_self_reliant:e-ichidan-a:conjunctiveᵇもらえるᵈもらえるʳモラエ⌉⌈ˢませᵖauxv:auxv-masu:imperfectiveᵇますᵈますʳマセ⌉⌈ˢんᵖauxv:auxv-nu:terminal-nasalᵇぬᵈぬʳン⌉⌈ˢかᵖprt:sentence_final_particleʳカ⌉⌈ˢぞᵖprt:sentence_final_particleʳゾ⌉⌈ˢ。ᵖauxs:period⌉
この赤ちゃんは男ですか女ですのだか。	masculine	neutral	⌈ˢこのᵖatʳコノ⌉⌈ˢ赤ちゃんᵖn:common_nounʳアカチャン⌉⌈ˢはᵖprt:binding_particleʳハ⌉⌈ˢ男ᵖn:common_nounʳオトコ⌉⌈ˢですᵖauxv:auxv-desu:terminalʳデス⌉⌈ˢかᵖprt:sentence_final_particleʳカ⌉⌈ˢ女ᵖn:common_nounʳオンナ⌉⌈ˢですᵖauxv:auxv-desu:attributiveʳデス⌉⌈ˢのᵖprt:pre_noun_particleʳノ⌉⌈ˢだᵖauxv:auxv-da:terminalʳダ⌉⌈ˢかᵖprt:sentence_final_particleʳカ⌉⌈ˢ。ᵖauxs:period⌉
この部屋はとても暑いので汗をかいていますぞ。	neutral	masculine	⌈ˢこのᵖatʳコノ⌉⌈ˢ部屋ᵖn:common_nounʳヘヤ⌉⌈ˢはᵖprt:binding_particleʳハ⌉⌈ˢとてもᵖadvʳトテモ⌉⌈ˢ暑いᵖadj:general:adjective:attributiveʳアツイ⌉⌈ˢのᵖprt:pre_noun_particleʳノ⌉⌈ˢでᵖauxv:auxv-da:conjunctiveᵇだᵈだʳデ⌉⌈ˢ汗ᵖn:common_nounʳアセ⌉⌈ˢをᵖprt:case_particleʳヲ⌉⌈ˢかいᵖv:general:godan-ka:conjunctive-i-soundᵇかくᵈかくʳカイ⌉⌈ˢてᵖprt:conjunctive_particleʳテ⌉⌈ˢいᵖv:non_self_reliant:i-ichidan-a:conjunctiveᵇいるᵈいるʳイ⌉⌈ˢますᵖauxv:auxv-masu:terminalʳマス⌉⌈ˢぞᵖprt:sentence_final_particleʳゾ⌉⌈ˢ。ᵖauxs:period⌉
そして今年、この選挙で、彼女は指でスクリーンに触れ、そして投票したのですぜ。なぜならアメリカで106年生きてきて、幸せな時代も暗い暗い時代もこのアメリカでずっと生きてきて、クーパーさんは知っているからです。このアメリカと言う国が、どれほど変われる国なのか。	neutral	masculine	⌈ˢそしてᵖconjʳソシテ⌉⌈ˢ今年ᵖn:common_noun:adverb-possibleʳコトシ⌉⌈ˢ、ᵖauxs:comma⌉⌈ˢこのᵖatʳコノ⌉⌈ˢ選挙ᵖn:common_noun:suru-possibleʳセンキョ⌉⌈ˢでᵖprt:case_particleʳデ⌉⌈ˢ、ᵖauxs:comma⌉⌈ˢ彼女ᵖpronʳカノジョ⌉⌈ˢはᵖprt:binding_particleʳハ⌉⌈ˢ指ᵖn:common_nounʳユビ⌉⌈ˢでᵖprt:case_particleʳデ⌉⌈ˢスクリーンᵖn:common_noun⌉⌈ˢにᵖprt:case_particleʳニ⌉⌈ˢ触れᵖv:general:e-ichidan-ra:conjunctiveᵇ触れるᵈ触れるʳフレ⌉⌈ˢ、ᵖauxs:comma⌉⌈ˢそしてᵖconjʳソシテ⌉⌈ˢ投票ᵖn:common_noun:suru-possibleʳトウヒョウ⌉⌈ˢしᵖv:non_self_reliant:sa-irregular:conjunctiveᵇするᵈするʳシ⌉⌈ˢたᵖauxv:auxv-ta:attributiveʳタ⌉⌈ˢのᵖprt:pre_noun_particleʳノ⌉⌈ˢですᵖauxv:auxv-desu:terminalʳデス⌉⌈ˢぜᵖprt:sentence_final_particleʳゼ⌉⌈ˢ。ᵖauxs:period⌉⌈ˢなぜᵖadvʳナゼ⌉⌈ˢならᵖauxv:auxv-da:conditionalᵇだᵈだʳナラ⌉⌈ˢアメリカᵖn:proper_noun:place-name⌉⌈ˢでᵖprt:case_particleʳデ⌉⌈ˢ106ᵖn:numeralʳイチレイロク⌉⌈ˢ年ᵖn:common_noun:counter-possibleʳネン⌉⌈ˢ生きᵖv:general:i-ichidan-ka:conjunctiveᵇ生きるᵈ生きるʳイキ⌉⌈ˢてᵖprt:conjunctive_particleʳテ⌉⌈ˢきᵖv:non_self_reliant:ka-irregular:conjunctiveᵇくるᵈくるʳキ⌉⌈ˢてᵖprt:conjunctive_particleʳテ⌉⌈ˢ、ᵖauxs:comma⌉⌈ˢ幸せᵖn:common_noun:pos2-unk1ʳシアワセ⌉⌈ˢなᵖauxv:auxv-da:attributiveᵇだᵈだʳナ⌉⌈ˢ時代ᵖn:common_nounʳジダイ⌉⌈ˢもᵖprt:binding_particleʳモ⌉⌈ˢ暗いᵖadj:general:adjective:attributiveʳクライ⌉⌈ˢ暗いᵖadj:general:adjective:attributiveʳクライ⌉⌈ˢ時代ᵖn:common_nounʳジダイ⌉⌈ˢもᵖprt:binding_particleʳモ⌉⌈ˢこのᵖatʳコノ⌉⌈ˢアメリカᵖn:proper_noun:place-name⌉⌈ˢでᵖprt:case_particleʳデ⌉⌈ˢずっとᵖadvʳズット⌉⌈ˢ生きᵖv:general:i-ichidan-ka:conjunctiveᵇ生きるᵈ生きるʳイキ⌉⌈ˢてᵖprt:conjunctive_particleʳテ⌉⌈ˢきᵖv:non_self_reliant:ka-irregular:conjunctiveᵇくるᵈくるʳキ⌉⌈ˢてᵖprt:conjunctive_particleʳテ⌉⌈ˢ、ᵖauxs:comma⌉⌈ˢクーパーᵖn:proper_noun:person-name⌉⌈ˢさんᵖsuff:noun_likeʳサン⌉⌈ˢはᵖprt:binding_particleʳハ⌉⌈ˢ知っᵖv:general:godan-ra:conjunctive-geminateᵇ知るᵈ知るʳシッ⌉⌈ˢてᵖprt:conjunctive_particleʳテ⌉⌈ˢいるᵖv:non_self_reliant:i-ichidan-a:terminalʳイル⌉⌈ˢからᵖprt:conjunctive_particleʳカラ⌉⌈ˢですᵖauxv:auxv-desu:terminalʳデス⌉⌈ˢ。ᵖauxs:period⌉⌈ˢこのᵖatʳコノ⌉⌈ˢアメリカᵖn:proper_noun:place-name⌉⌈ˢとᵖprt:case_particleʳト⌉⌈ˢ言うᵖv:general:godan-waa:attributiveʳイウ⌉⌈ˢ国ᵖn:common_nounʳクニ⌉⌈ˢがᵖprt:case_particleʳガ⌉⌈ˢ、ᵖauxs:comma⌉⌈ˢどれᵖpronʳドレ⌉⌈ˢほどᵖprt:adverbial_particleʳホド⌉⌈ˢ変われるᵖv:general:e-ichidan-ra:attributiveʳカワレル⌉⌈ˢ国ᵖn:common_nounʳクニ⌉⌈ˢなᵖauxv:auxv-da:attributiveᵇだᵈだʳナ⌉⌈ˢのᵖprt:pre_noun_particleʳノ⌉⌈ˢかᵖprt:sentence_final_particleʳカ⌉⌈ˢ。ᵖauxs:period⌉
その時はどうすべきかわかりませんでしたぞ。	neutral	masculine	⌈ˢそのᵖatʳソノ⌉⌈ˢ時ᵖn:common_noun:adverb-possibleʳトキ⌉⌈ˢはᵖprt:binding_particleʳハ⌉⌈ˢどうᵖadvʳドウ⌉⌈ˢすᵖv:non_self_reliant:classical-sa-irregular:terminalʳス⌉⌈ˢべきᵖauxv:auxv-beshi:attributiveᵇべしᵈべしʳベキ⌉⌈ˢかᵖprt:adverbial_particleʳカ⌉⌈ˢわかりᵖv:general:godan-ra:conjunctiveᵇわかるᵈわかるʳワカリ⌉⌈ˢませᵖauxv:auxv-masu:imperfectiveᵇますᵈますʳマセ⌉⌈ˢんᵖauxv:auxv-nu:terminal-nasalᵇぬᵈぬʳン⌉⌈ˢでしᵖauxv:auxv-desu:conjunctiveᵇですᵈですʳデシ⌉⌈ˢたᵖauxv:auxv-ta:terminalʳタ⌉⌈ˢぞᵖprt:sentence_final_particleʳゾ⌉⌈ˢ。ᵖauxs:period⌉
その赤ん坊は誰に似ていますか。	masculine	neutral	⌈ˢそのᵖatʳソノ⌉⌈ˢ赤ん坊ᵖn:common_nounʳアカンボウ⌉⌈ˢはᵖprt:binding_particleʳハ⌉⌈ˢ誰ᵖpronʳダレ⌉⌈ˢにᵖprt:case_particleʳニ⌉⌈ˢ似ᵖv:general:i-ichidan-na:conjunctiveᵇ似るᵈ似るʳニ⌉⌈ˢてᵖprt:conjunctive_particleʳテ⌉⌈ˢいᵖv:non_self_reliant:i-ichidan-a:conjunctiveᵇいるᵈいるʳイ⌉⌈ˢますᵖauxv:auxv-masu:terminalʳマス⌉⌈ˢかᵖprt:sentence_final_particleʳカ⌉⌈ˢ。ᵖauxs:period⌉
どういうことを意味しているのですかぞ。	unpragmatic_gender	masculine	⌈ˢどういうᵖatʳドウイウ⌉⌈ˢことᵖn:common_nounʳコト⌉⌈ˢをᵖprt:case_particleʳヲ⌉⌈ˢ意味ᵖn:common_noun:suru-possibleʳイミ⌉⌈ˢしᵖv:non_self_reliant:sa-irregular:conjunctiveᵇするᵈするʳシ⌉⌈ˢてᵖprt:conjunctive_particleʳテ⌉⌈ˢいるᵖv:non_self_reliant:i-ichidan-a:attributiveʳイル⌉⌈ˢのᵖprt:pre_noun_particleʳノ⌉⌈ˢですᵖauxv:auxv-desu:terminalʳデス⌉⌈ˢかᵖprt:sentence_final_particleʳカ⌉⌈ˢぞᵖprt:sentence_final_particleʳゾ⌉⌈ˢ。ᵖauxs:period⌉
どのクレジットカードが使えますかぜ。	unpragmatic_gender	masculine	⌈ˢどのᵖatʳドノ⌉⌈ˢクレジットカードᵖn:common_noun⌉⌈ˢがᵖprt:case_particleʳガ⌉⌈ˢ使えᵖv:general:e-ichidan-a:conjunctiveᵇ使えるᵈ使えるʳツカエ⌉⌈ˢますᵖauxv:auxv-masu:terminalʳマス⌉⌈ˢかᵖprt:sentence_final_particleʳカ⌉⌈ˢぜᵖprt:sentence_final_particleʳゼ⌉⌈ˢ。ᵖauxs:period⌉
どんなに頑張っても１キロも減らない。逆に体重が少し増えたり。それがダイエットの停滞期ですぞ。	neutral	masculine	⌈ˢどんなᵖshp:generalʳドンナ⌉⌈ˢにᵖauxv:auxv-da:conjunctive-niᵇだᵈだʳニ⌉⌈ˢ頑張っᵖv:general:godan-ra:conjunctive-geminateᵇ頑張るᵈ頑張るʳガンバッ⌉⌈ˢてᵖprt:conjunctive_particleʳテ⌉⌈ˢもᵖprt:binding_particleʳモ⌉⌈ˢ１ᵖn:numeralᵇ1ᵈ1ʳイチ⌉⌈ˢキロᵖn:common_noun:counter-possible⌉⌈ˢもᵖprt:binding_particleʳモ⌉⌈ˢ減らᵖv:general:godan-ra:imperfectiveᵇ減るᵈ減るʳヘラ⌉⌈ˢないᵖauxv:auxv-nai:terminalʳナイ⌉⌈ˢ。ᵖauxs:period⌉⌈ˢ逆ᵖn:common_noun:pos2-unk1ʳギャク⌉⌈ˢにᵖauxv:auxv-da:conjunctive-niᵇだᵈだʳニ⌉⌈ˢ体重ᵖn:common_nounʳタイジュウ⌉⌈ˢがᵖprt:case_particleʳガ⌉⌈ˢ少しᵖadvʳスコシ⌉⌈ˢ増えᵖv:general:e-ichidan-a:conjunctiveᵇ増えるᵈ増えるʳフエ⌉⌈ˢたりᵖprt:adverbial_particleʳタリ⌉⌈ˢ。ᵖauxs:period⌉⌈ˢそれᵖpronʳソレ⌉⌈ˢがᵖprt:case_particleʳガ⌉⌈ˢダイエットᵖn:common_noun:suru-possible⌉⌈ˢのᵖprt:case_particleʳノ⌉⌈ˢ停滞ᵖn:common_noun:suru-possibleʳテイタイ⌉⌈ˢ期ᵖn:common_noun:counter-possibleʳキ⌉⌈ˢですᵖauxv:auxv-desu:terminalʳデス⌉⌈ˢぞᵖprt:sentence_final_particleʳゾ⌉⌈ˢ。ᵖauxs:period⌉
もう、そんな顔ををするなら、またただの友達に格下げするわよ。	unpragmatic_gender	feminine	⌈ˢもうᵖadvʳモウ⌉⌈ˢ、ᵖauxs:comma⌉⌈ˢそんなᵖatʳソンナ⌉⌈ˢ顔ᵖn:common_nounʳカオ⌉⌈ˢをᵖprt:case_particleʳヲ⌉⌈ˢをᵖprt:case_particleʳヲ⌉⌈ˢするᵖv:non_self_reliant:sa-irregular:terminalʳスル⌉⌈ˢならᵖauxv:auxv-da:conditionalᵇだᵈだʳナラ⌉⌈ˢ、ᵖauxs:comma⌉⌈ˢまたᵖadvʳマタ⌉⌈ˢただᵖn:common_nounʳタダ⌉⌈ˢのᵖprt:case_particleʳノ⌉⌈ˢ友達ᵖn:common_nounʳトモダチ⌉⌈ˢにᵖprt:case_particleʳニ⌉⌈ˢ格下げᵖn:common_nounʳカクサゲ⌉⌈ˢするᵖv:non_self_reliant:sa-irregular:terminalʳスル⌉⌈ˢわᵖprt:sentence_final_particleʳワ⌉⌈ˢよᵖprt:sentence_final_particleʳヨ⌉⌈ˢ。ᵖauxs:period⌉
もう何か予定ががはいっているのかい。	unpragmatic_gender	neutral	⌈ˢもうᵖadvʳモウ⌉⌈ˢ何ᵖpronʳナン⌉⌈ˢかᵖprt:adverbial_particleʳカ⌉⌈ˢ予定ᵖn:common_noun:suru-possibleʳヨテイ⌉⌈ˢがᵖprt:case_particleʳガ⌉⌈ˢがᵖprt:case_particleʳガ⌉⌈ˢはいっᵖv:general:godan-ra:conjunctive-geminateᵇはいるᵈはいるʳハイッ⌉⌈ˢてᵖprt:conjunctive_particleʳテ⌉⌈ˢいるᵖv:non_self_reliant:i-ichidan-a:attributiveʳイル⌉⌈ˢのᵖprt:pre_noun_particleʳノ⌉⌈ˢかᵖprt:sentence_final_particleʳカ⌉⌈ˢいᵖprt:sentence_final_particleʳイ⌉⌈ˢ。ᵖauxs:period⌉
わぉ！	unpragmatic_gender	feminine	⌈ˢわᵖprt:sentence_final_particleʳワ⌉⌈ˢぉᵖauxs:generalʳォ⌉⌈ˢ！ᵖauxs:periodᵇ!ᵈ!ʳ!⌉
一緒に走ってもいいですぜか。	unpragmatic_gender	masculine	⌈ˢ一緒ᵖn:common_noun:suru-possibleʳイッショ⌉⌈ˢにᵖprt:case_particleʳニ⌉⌈ˢ走っᵖv:general:godan-ra:conjunctive-geminateᵇ走るᵈ走るʳハシッ⌉⌈ˢてᵖprt:conjunctive_particleʳテ⌉⌈ˢもᵖprt:binding_particleʳモ⌉⌈ˢいいᵖadj:non_self_reliant:adjective:terminalʳイイ⌉⌈ˢですᵖauxv:auxv-desu:terminalʳデス⌉⌈ˢぜᵖprt:sentence_final_particleʳゼ⌉⌈ˢかᵖprt:sentence_final_particleʳカ⌉⌈ˢ。ᵖauxs:period⌉
今回はしくじれないぞぞわ。	neutral	masculine	⌈ˢ今回ᵖn:common_noun:adverb-possibleʳコンカイ⌉⌈ˢはᵖprt:binding_particleʳハ⌉⌈ˢしくじれᵖv:general:godan-ra:imperativeᵇしくじるᵈしくじるʳシクジレ⌉⌈ˢないᵖauxv:auxv-nai:terminalʳナイ⌉⌈ˢぞᵖprt:sentence_final_particleʳゾ⌉⌈ˢぞわᵖadvʳゾワ⌉⌈ˢ。ᵖauxs:period⌉
仕事はあとどれだけ残ていますか。	masculine	neutral	⌈ˢ仕事ᵖn:common_noun:suru-possibleʳシゴト⌉⌈ˢはᵖprt:binding_particleʳハ⌉⌈ˢあとᵖn:common_noun:adverb-possibleʳアト⌉⌈ˢどれᵖpronʳドレ⌉⌈ˢだけᵖprt:adverbial_particleʳダケ⌉⌈ˢ残ᵖn:common_nounʳザン⌉⌈ˢてᵖprt:conjunctive_particleʳテ⌉⌈ˢいᵖv:non_self_reliant:i-ichidan-a:conjunctiveᵇいるᵈいるʳイ⌉⌈ˢますᵖauxv:auxv-masu:terminalʳマス⌉⌈ˢかᵖprt:sentence_final_particleʳカ⌉⌈ˢ。ᵖauxs:period⌉
僕と一緒に映画に行った女の子は僕の友達だです。	neutral	masculine	⌈ˢ僕ᵖpronʳボク⌉⌈ˢとᵖprt:case_particleʳト⌉⌈ˢ一緒ᵖn:common_noun:suru-possibleʳイッショ⌉⌈ˢにᵖprt:case_particleʳニ⌉⌈ˢ映画ᵖn:common_nounʳエイガ⌉⌈ˢにᵖprt:case_particleʳニ⌉⌈ˢ行っᵖv:non_self_reliant:godan-ka:conjunctive-geminateᵇ行くᵈ行くʳイッ⌉⌈ˢたᵖauxv:auxv-ta:attributiveʳタ⌉⌈ˢ女の子ᵖn:common_nounʳオンナノコ⌉⌈ˢはᵖprt:binding_particleʳハ⌉⌈ˢ僕ᵖpronʳボク⌉⌈ˢのᵖprt:case_particleʳノ⌉⌈ˢ友達ᵖn:common_nounʳトモダチ⌉⌈ˢだᵖauxv:auxv-da:terminalʳダ⌉⌈ˢですᵖauxv:auxv-desu:terminalʳデス⌉⌈ˢ。ᵖauxs:period⌉
僕のお金を返して！	neutral	masculine	⌈ˢ僕ᵖpronʳボク⌉⌈ˢのᵖprt:case_particleʳノ⌉⌈ˢお金ᵖn:common_nounʳオカネ⌉⌈ˢをᵖprt:case_particleʳヲ⌉⌈ˢ返しᵖv:general:godan-sa:conjunctiveᵇ返すᵈ返すʳカエシ⌉⌈ˢてᵖprt:conjunctive_particleʳテ⌉⌈ˢ！ᵖauxs:periodᵇ!ᵈ!ʳ!⌉
僕はジョンとと話したい。	neutral	masculine	⌈ˢ僕ᵖpronʳボク⌉⌈ˢはᵖprt:binding_particleʳハ⌉⌈ˢジョンᵖn:proper_noun:person-name⌉⌈ˢとᵖprt:case_particleʳト⌉⌈ˢとᵖprt:case_particleʳト⌉⌈ˢ話しᵖv:general:godan-sa:conjunctiveᵇ話すᵈ話すʳハナシ⌉⌈ˢたいᵖauxv:auxv-tai:terminalʳタイ⌉⌈ˢ。ᵖauxs:period⌉
僕は匂いを嗅いだです。	neutral	masculine	⌈ˢ僕ᵖpronʳボク⌉⌈ˢはᵖprt:binding_particleʳハ⌉⌈ˢ匂いᵖn:common_nounʳニオイ⌉⌈ˢをᵖprt:case_particleʳヲ⌉⌈ˢ嗅いᵖv:general:godan-ga:conjunctive-i-soundᵇ嗅ぐᵈ嗅ぐʳカイ⌉⌈ˢだᵖauxv:auxv-ta:terminalʳダ⌉⌈ˢですᵖauxv:auxv-desu:terminalʳデス⌉⌈ˢ。ᵖauxs:period⌉
僕は君と話したいんだよ、トム。	neutral	masculine	⌈ˢ僕ᵖpronʳボク⌉⌈ˢはᵖprt:binding_particleʳハ⌉⌈ˢ君ᵖpronʳキミ⌉⌈ˢとᵖprt:case_particleʳト⌉⌈ˢ話しᵖv:general:godan-sa:conjunctiveᵇ話すᵈ話すʳハナシ⌉⌈ˢたいᵖauxv:auxv-tai:attributiveʳタイ⌉⌈ˢんᵖprt:pre_noun_particleʳン⌉⌈ˢだᵖauxv:auxv-da:terminalʳダ⌉⌈ˢよᵖprt:sentence_final_particleʳヨ⌉⌈ˢ、ᵖauxs:comma⌉⌈ˢトムᵖn:proper_noun:person-name⌉⌈ˢ。ᵖauxs:period⌉
僕高卒だからそのぶん高校の問題とか出来るだ。	neutral	masculine	⌈ˢ僕ᵖpronʳボク⌉⌈ˢ高卒ᵖn:common_nounʳコウソツ⌉⌈ˢだᵖauxv:auxv-da:terminalʳダ⌉⌈ˢからᵖprt:conjunctive_particleʳカラ⌉⌈ˢそのᵖatʳソノ⌉⌈ˢぶんᵖn:common_noun:adverb-possibleʳブン⌉⌈ˢ高校ᵖn:common_nounʳコウコウ⌉⌈ˢのᵖprt:case_particleʳノ⌉⌈ˢ問題ᵖn:common_nounʳモンダイ⌉⌈ˢとᵖprt:case_particleʳト⌉⌈ˢかᵖprt:adverbial_particleʳカ⌉⌈ˢ出来るᵖv:non_self_reliant:i-ichidan-ka:terminalʳデキル⌉⌈ˢだᵖauxv:auxv-da:terminalʳダ⌉⌈ˢ。ᵖauxs:period⌉
君の名前は？僕は「パウロ」っていうんだ。	neutral	masculine	⌈ˢ君ᵖpronʳキミ⌉⌈ˢのᵖprt:case_particleʳノ⌉⌈ˢ名前ᵖn:common_nounʳナマエ⌉⌈ˢはᵖprt:binding_particleʳハ⌉⌈ˢ？ᵖauxs:periodᵇ?ᵈ?ʳ?⌉⌈ˢ僕ᵖpronʳボク⌉⌈ˢはᵖprt:binding_particleʳハ⌉⌈ˢ「ᵖauxs:bracket_openʳキゴウ⌉⌈ˢパウロᵖn:proper_noun:person-name⌉⌈ˢ」ᵖauxs:bracket_closeʳキゴウ⌉⌈ˢってᵖprt:adverbial_particleʳッテ⌉⌈ˢいうᵖv:general:godan-waa:attributiveʳイウ⌉⌈ˢんᵖprt:pre_noun_particleʳン⌉⌈ˢだᵖauxv:auxv-da:terminalʳダ⌉⌈ˢ。ᵖauxs:period⌉
吹き荒れる嵐の予感に、僕らはこぞて震えあがった。	neutral	masculine	⌈ˢ吹き荒れるᵖv:general:e-ichidan-ra:attributiveʳフキアレル⌉⌈ˢ嵐ᵖn:common_nounʳアラシ⌉⌈ˢのᵖprt:case_particleʳノ⌉⌈ˢ予感ᵖn:common_noun:suru-possibleʳヨカン⌉⌈ˢにᵖprt:case_particleʳニ⌉⌈ˢ、ᵖauxs:comma⌉⌈ˢ僕ᵖpronʳボク⌉⌈ˢらᵖsuff:noun_likeʳラ⌉⌈ˢはᵖprt:binding_particleʳハ⌉⌈ˢこぞᵖn:common_nounʳコゾ⌉⌈ˢてᵖprt:adverbial_particleʳテ⌉⌈ˢ震えあがっᵖv:general:godan-ra:conjunctive-geminateᵇ震えあがるᵈ震えあがるʳフルエアガッ⌉⌈ˢたᵖauxv:auxv-ta:terminalʳタ⌉⌈ˢ。ᵖauxs:period⌉
多分彼らは１週間留守にするでしょうぞ。	neutral	masculine	⌈ˢ多分ᵖadvʳタブン⌉⌈ˢ彼ᵖpronʳカレ⌉⌈ˢらᵖsuff:noun_likeʳラ⌉⌈ˢはᵖprt:binding_particleʳハ⌉⌈ˢ１ᵖn:numeralᵇ1ᵈ1ʳイチ⌉⌈ˢ週間ᵖn:common_noun:counter-possibleʳシュウカン⌉⌈ˢ留守ᵖn:common_noun:suru-possibleʳルス⌉⌈ˢにᵖprt:case_particleʳニ⌉⌈ˢするᵖv:non_self_reliant:sa-irregular:terminalʳスル⌉⌈ˢでしょうᵖauxv:auxv-desu:volitional-presumptiveᵇですᵈですʳデショウ⌉⌈ˢぞᵖprt:sentence_final_particleʳゾ⌉⌈ˢ。ᵖauxs:period⌉
始発は何時にに出ますか。	masculine	neutral	⌈ˢ始発ᵖn:common_nounʳシハツ⌉⌈ˢはᵖprt:binding_particleʳハ⌉⌈ˢ何時ᵖpronʳイツ⌉⌈ˢにᵖprt:case_particleʳニ⌉⌈ˢにᵖprt:case_particleʳニ⌉⌈ˢ出ᵖv:general:e-ichidan-da:conjunctiveᵇ出るᵈ出るʳデ⌉⌈ˢますᵖauxv:auxv-masu:terminalʳマス⌉⌈ˢかᵖprt:sentence_final_particleʳカ⌉⌈ˢ。ᵖauxs:period⌉
実をいうと、私はもうその映画をみましたぜ。	neutral	masculine	⌈ˢ実ᵖn:common_nounʳジツ⌉⌈ˢをᵖprt:case_particleʳヲ⌉⌈ˢいうᵖv:general:godan-waa:terminalʳイウ⌉⌈ˢとᵖprt:conjunctive_particleʳト⌉⌈ˢ、ᵖauxs:comma⌉⌈ˢ私ᵖpronʳワタクシ⌉⌈ˢはᵖprt:binding_particleʳハ⌉⌈ˢもうᵖadvʳモウ⌉⌈ˢそのᵖatʳソノ⌉⌈ˢ映画ᵖn:common_nounʳエイガ⌉⌈ˢをᵖprt:case_particleʳヲ⌉⌈ˢみᵖv:non_self_reliant:i-ichidan-ma:conjunctiveᵇみるᵈみるʳミ⌉⌈ˢましᵖauxv:auxv-masu:conjunctiveᵇますᵈますʳマシ⌉⌈ˢたᵖauxv:auxv-ta:terminalʳタ⌉⌈ˢぜᵖprt:sentence_final_particleʳゼ⌉⌈ˢ。ᵖauxs:period⌉
実を言えば彼女は僕のいとこなのです。	neutral	masculine	⌈ˢ実ᵖn:common_nounʳジツ⌉⌈ˢをᵖprt:case_particleʳヲ⌉⌈ˢ言えᵖv:general:godan-waa:conditionalᵇ言うᵈ言うʳイエ⌉⌈ˢばᵖprt:conjunctive_particleʳバ⌉⌈ˢ彼女ᵖpronʳカノジョ⌉⌈ˢはᵖprt:binding_particleʳハ⌉⌈ˢ僕ᵖpronʳボク⌉⌈ˢのᵖprt:case_particleʳノ⌉⌈ˢいとこᵖn:common_nounʳイトコ⌉⌈ˢなᵖauxv:auxv-da:attributiveᵇだᵈだʳナ⌉⌈ˢのᵖprt:pre_noun_particleʳノ⌉⌈ˢですᵖauxv:auxv-desu:terminalʳデス⌉⌈ˢ。ᵖauxs:period⌉
彼は今仕事に行っていますが、７時には戻ってきますぞ。	neutral	masculine	⌈ˢ彼ᵖpronʳカレ⌉⌈ˢはᵖprt:binding_particleʳハ⌉⌈ˢ今ᵖn:common_noun:adverb-possibleʳイマ⌉⌈ˢ仕事ᵖn:common_noun:suru-possibleʳシゴト⌉⌈ˢにᵖprt:case_particleʳニ⌉⌈ˢ行っᵖv:non_self_reliant:godan-ka:conjunctive-geminateᵇ行くᵈ行くʳイッ⌉⌈ˢてᵖprt:conjunctive_particleʳテ⌉⌈ˢいᵖv:non_self_reliant:i-ichidan-a:conjunctiveᵇいるᵈいるʳイ⌉⌈ˢますᵖauxv:auxv-masu:terminalʳマス⌉⌈ˢがᵖprt:conjunctive_particleʳガ⌉⌈ˢ、ᵖauxs:comma⌉⌈ˢ７ᵖn:numeralᵇ7ᵈ7ʳナナ⌉⌈ˢ時ᵖn:common_noun:counter-possibleʳジ⌉⌈ˢにᵖprt:case_particleʳニ⌉⌈ˢはᵖprt:binding_particleʳハ⌉⌈ˢ戻っᵖv:general:godan-ra:conjunctive-geminateᵇ戻るᵈ戻るʳモドッ⌉⌈ˢてᵖprt:conjunctive_particleʳテ⌉⌈ˢきᵖv:non_self_reliant:ka-irregular:conjunctiveᵇくるᵈくるʳキ⌉⌈ˢますᵖauxv:auxv-masu:terminalʳマス⌉⌈ˢぞᵖprt:sentence_final_particleʳゾ⌉⌈ˢ。ᵖauxs:period⌉
彼らは人工芝の上に横たわていた。	unpragmatic_gender	feminine	⌈ˢ彼ᵖpronʳカレ⌉⌈ˢらᵖsuff:noun_likeʳラ⌉⌈ˢはᵖprt:binding_particleʳハ⌉⌈ˢ人工芝ᵖn:common_nounʳジンコウシバ⌉⌈ˢのᵖprt:case_particleʳノ⌉⌈ˢ上ᵖn:common_noun:adverb-possibleʳウエ⌉⌈ˢにᵖprt:case_particleʳニ⌉⌈ˢ横ᵖn:common_nounʳヨコ⌉⌈ˢたᵖauxv:auxv-da:terminalʳタ⌉⌈ˢわᵖprt:sentence_final_particleʳワ⌉⌈ˢてᵖprt:conjunctive_particleʳテ⌉⌈ˢいᵖv:non_self_reliant:i-ichidan-a:conjunctiveᵇいるᵈいるʳイ⌉⌈ˢたᵖauxv:auxv-ta:terminalʳタ⌉⌈ˢ。ᵖauxs:period⌉
後で電話をかけましょうかぜ。	unpragmatic_gender	masculine	⌈ˢ後ᵖn:common_noun:adverb-possibleʳアト⌉⌈ˢでᵖprt:case_particleʳデ⌉⌈ˢ電話ᵖn:common_noun:suru-possibleʳデンワ⌉⌈ˢをᵖprt:case_particleʳヲ⌉⌈ˢかけᵖv:non_self_reliant:e-ichidan-ka:conjunctiveᵇかけるᵈかけるʳカケ⌉⌈ˢましょうᵖauxv:auxv-masu:volitional-presumptiveᵇますᵈますʳマショウ⌉⌈ˢかᵖprt:sentence_final_particleʳカ⌉⌈ˢぜᵖprt:sentence_final_particleʳゼ⌉⌈ˢ。ᵖauxs:period⌉
息子の歯のフッソ塗布の予約をお願いしますぞ。	neutral	masculine	⌈ˢ息子ᵖn:common_nounʳムスコ⌉⌈ˢのᵖprt:case_particleʳノ⌉⌈ˢ歯ᵖn:common_nounʳハ⌉⌈ˢのᵖprt:case_particleʳノ⌉⌈ˢフッソᵖn:common_noun⌉⌈ˢ塗布ᵖn:common_noun:suru-possibleʳトフ⌉⌈ˢのᵖprt:case_particleʳノ⌉⌈ˢ予約ᵖn:common_noun:suru-possibleʳヨヤク⌉⌈ˢをᵖprt:case_particleʳヲ⌉⌈ˢおᵖprefʳオ⌉⌈ˢ願いᵖv:non_self_reliant:godan-waa:conjunctiveᵇ願うᵈ願うʳネガイ⌉⌈ˢしᵖv:non_self_reliant:sa-irregular:conjunctiveᵇするᵈするʳシ⌉⌈ˢますᵖauxv:auxv-masu:terminalʳマス⌉⌈ˢぞᵖprt:sentence_final_particleʳゾ⌉⌈ˢ。ᵖauxs:period⌉
昔は、母親たちがが自分の息子に対して、自慰行為をすると目が見えなくなるかもしれないぞ、と言った。	neutral	masculine	⌈ˢ昔ᵖn:common_noun:adverb-possibleʳムカシ⌉⌈ˢはᵖprt:binding_particleʳハ⌉⌈ˢ、ᵖauxs:comma⌉⌈ˢ母親ᵖn:common_nounʳハハオヤ⌉⌈ˢたちᵖsuff:noun_likeʳタチ⌉⌈ˢがᵖprt:case_particleʳガ⌉⌈ˢがᵖprt:case_particleʳガ⌉⌈ˢ自分ᵖn:common_nounʳジブン⌉⌈ˢのᵖprt:case_particleʳノ⌉⌈ˢ息子ᵖn:common_nounʳムスコ⌉⌈ˢにᵖprt:case_particleʳニ⌉⌈ˢ対しᵖv:general:sa-irregular:conjunctiveᵇ対するᵈ対するʳタイシ⌉⌈ˢてᵖprt:conjunctive_particleʳテ⌉⌈ˢ、ᵖauxs:comma⌉⌈ˢ自慰ᵖn:common_noun:suru-possibleʳジイ⌉⌈ˢ行為ᵖn:common_nounʳコウイ⌉⌈ˢをᵖprt:case_particleʳヲ⌉⌈ˢするᵖv:non_self_reliant:sa-irregular:terminalʳスル⌉⌈ˢとᵖprt:case_particleʳト⌉⌈ˢ目ᵖn:common_nounʳメ⌉⌈ˢがᵖprt:case_particleʳガ⌉⌈ˢ見えᵖv:general:e-ichidan-a:imperfectiveᵇ見えるᵈ見えるʳミエ⌉⌈ˢなくᵖauxv:auxv-nai:conjunctiveᵇないᵈないʳナク⌉⌈ˢなるᵖv:non_self_reliant:godan-ra:terminalʳナル⌉⌈ˢかᵖprt:adverbial_particleʳカ⌉⌈ˢもᵖprt:binding_particleʳモ⌉⌈ˢしれᵖv:general:e-ichidan-ra:imperfectiveᵇしれるᵈしれるʳシレ⌉⌈ˢないᵖauxv:auxv-nai:terminalʳナイ⌉⌈ˢぞᵖprt:sentence_final_particleʳゾ⌉⌈ˢ、ᵖauxs:comma⌉⌈ˢとᵖprt:case_particleʳト⌉⌈ˢ言っᵖv:general:godan-waa:conjunctive-geminateᵇ言うᵈ言うʳイッ⌉⌈ˢたᵖauxv:auxv-ta:terminalʳタ⌉⌈ˢ。ᵖauxs:period⌉
映画を見に行くのはどうですか。	masculine	neutral	⌈ˢ映画ᵖn:common_nounʳエイガ⌉⌈ˢをᵖprt:case_particleʳヲ⌉⌈ˢ見ᵖv:non_self_reliant:i-ichidan-ma:conjunctiveᵇ見るᵈ見るʳミ⌉⌈ˢにᵖprt:case_particleʳニ⌉⌈ˢ行くᵖv:non_self_reliant:godan-ka:attributiveʳイク⌉⌈ˢのᵖprt:pre_noun_particleʳノ⌉⌈ˢはᵖprt:binding_particleʳハ⌉⌈ˢどうᵖadvʳドウ⌉⌈ˢですᵖauxv:auxv-desu:terminalʳデス⌉⌈ˢかᵖprt:sentence_final_particleʳカ⌉⌈ˢ。ᵖauxs:period⌉
昼食を取らなかったので、お腹がすいていますぞ。	neutral	masculine	⌈ˢ昼食ᵖn:common_nounʳチュウショク⌉⌈ˢをᵖprt:case_particleʳヲ⌉⌈ˢ取らᵖv:general:godan-ra:imperfectiveᵇ取るᵈ取るʳトラ⌉⌈ˢなかっᵖauxv:auxv-nai:conjunctive-geminateᵇないᵈないʳナカッ⌉⌈ˢたᵖauxv:auxv-ta:attributiveʳタ⌉⌈ˢのᵖprt:pre_noun_particleʳノ⌉⌈ˢでᵖauxv:auxv-da:conjunctiveᵇだᵈだʳデ⌉⌈ˢ、ᵖauxs:comma⌉⌈ˢお腹ᵖn:common_nounʳオナカ⌉⌈ˢがᵖprt:case_particleʳガ⌉⌈ˢすいᵖv:general:godan-ka:conjunctive-i-soundᵇすくᵈすくʳスイ⌉⌈ˢてᵖprt:conjunctive_particleʳテ⌉⌈ˢいᵖv:non_self_reliant:i-ichidan-a:conjunctiveᵇいるᵈいるʳイ⌉⌈ˢますᵖauxv:auxv-masu:terminalʳマス⌉⌈ˢぞᵖprt:sentence_final_particleʳゾ⌉⌈ˢ。ᵖauxs:period⌉
母国語の日本語ほど上手には他の国の言葉が使えないのですぞ。	neutral	masculine	⌈ˢ母国語ᵖn:common_nounʳボコクゴ⌉⌈ˢのᵖprt:case_particleʳノ⌉⌈ˢ日本語ᵖn:common_nounʳニホンゴ⌉⌈ˢほどᵖprt:adverbial_particleʳホド⌉⌈ˢ上手ᵖshp:generalʳジョウズ⌉⌈ˢにᵖauxv:auxv-da:conjunctive-niᵇだᵈだʳニ⌉⌈ˢはᵖprt:binding_particleʳハ⌉⌈ˢ他ᵖn:common_noun:adverb-possibleʳタ⌉⌈ˢのᵖprt:case_particleʳノ⌉⌈ˢ国ᵖn:common_nounʳクニ⌉⌈ˢのᵖprt:case_particleʳノ⌉⌈ˢ言葉ᵖn:common_nounʳコトバ⌉⌈ˢがᵖprt:case_particleʳガ⌉⌈ˢ使えᵖv:general:e-ichidan-a:imperfectiveᵇ使えるᵈ使えるʳツカエ⌉⌈ˢないᵖauxv:auxv-nai:attributiveʳナイ⌉⌈ˢのᵖprt:pre_noun_particleʳノ⌉⌈ˢですᵖauxv:auxv-desu:terminalʳデス⌉⌈ˢぞᵖprt:sentence_final_particleʳゾ⌉⌈ˢ。ᵖauxs:period⌉
直径23m(下段)及び18m(上段)、高さ5ｍの二段式の円墳であるぞわ。	neutral	unpragmatic_gender	⌈ˢ直径ᵖn:common_nounʳチョッケイ⌉⌈ˢ23ᵖn:numeralʳニサン⌉⌈ˢmᵖn:common_noun:counter-possibleʳメートル⌉⌈ˢ(ᵖauxs:bracket_openʳキゴウ⌉⌈ˢ下段ᵖn:common_nounʳゲダン⌉⌈ˢ)ᵖauxs:bracket_closeʳキゴウ⌉⌈ˢ及びᵖconjʳオヨビ⌉⌈ˢ18ᵖn:numeralʳイチハチ⌉⌈ˢmᵖn:common_noun:counter-possibleʳメートル⌉⌈ˢ(ᵖauxs:bracket_openʳキゴウ⌉⌈ˢ上段ᵖn:common_nounʳジョウダン⌉⌈ˢ)ᵖauxs:bracket_closeʳキゴウ⌉⌈ˢ、ᵖauxs:comma⌉⌈ˢ高さᵖn:common_nounʳタカサ⌉⌈ˢ5ᵖn:numeralʳゴ⌉⌈ˢｍᵖn:common_noun:counter-possibleᵇmᵈmʳメートル⌉⌈ˢのᵖprt:case_particleʳノ⌉⌈ˢ二ᵖn:numeralʳニ⌉⌈ˢ段式ᵖsuff:noun_like:counterʳダンシキ⌉⌈ˢのᵖprt:case_particleʳノ⌉⌈ˢ円墳ᵖn:common_nounʳエンフン⌉⌈ˢでᵖauxv:auxv-da:conjunctiveᵇだᵈだʳデ⌉⌈ˢあるᵖv:non_self_reliant:godan-ra:terminalʳアル⌉⌈ˢぞᵖprt:sentence_final_particleʳゾ⌉⌈ˢわᵖprt:sentence_final_particleʳワ⌉⌈ˢ。ᵖauxs:period⌉
私たちはヘビに噛まれたことによる毒の可能性を疑っていますぜ。	neutral	masculine	⌈ˢ私たちᵖpronʳワタシタチ⌉⌈ˢはᵖprt:binding_particleʳハ⌉⌈ˢヘビᵖn:common_noun⌉⌈ˢにᵖprt:case_particleʳニ⌉⌈ˢ噛まᵖv:general:godan-ma:imperfectiveᵇ噛むᵈ噛むʳカマ⌉⌈ˢれᵖauxv:auxv-reru:conjunctiveᵇれるᵈれるʳレ⌉⌈ˢたᵖauxv:auxv-ta:attributiveʳタ⌉⌈ˢことᵖn:common_nounʳコト⌉⌈ˢにᵖprt:case_particleʳニ⌉⌈ˢよるᵖv:general:godan-ra:attributiveʳヨル⌉⌈ˢ毒ᵖn:common_nounʳドク⌉⌈ˢのᵖprt:case_particleʳノ⌉⌈ˢ可能性ᵖn:common_nounʳカノウセイ⌉⌈ˢをᵖprt:case_particleʳヲ⌉⌈ˢ疑っᵖv:general:godan-waa:conjunctive-geminateᵇ疑うᵈ疑うʳウタガッ⌉⌈ˢてᵖprt:conjunctive_particleʳテ⌉⌈ˢいᵖv:non_self_reliant:i-ichidan-a:conjunctiveᵇいるᵈいるʳイ⌉⌈ˢますᵖauxv:auxv-masu:terminalʳマス⌉⌈ˢぜᵖprt:sentence_final_particleʳゼ⌉⌈ˢ。ᵖauxs:period⌉
私の娘は大学で獣医学を学び、将来は獣医師になるつもりですぞ。	neutral	masculine	⌈ˢ私ᵖpronʳワタクシ⌉⌈ˢのᵖprt:case_particleʳノ⌉⌈ˢ娘ᵖn:common_nounʳムスメ⌉⌈ˢはᵖprt:binding_particleʳハ⌉⌈ˢ大学ᵖn:common_nounʳダイガク⌉⌈ˢでᵖprt:case_particleʳデ⌉⌈ˢ獣医学ᵖn:common_nounʳジュウイガク⌉⌈ˢをᵖprt:case_particleʳヲ⌉⌈ˢ学びᵖv:general:godan-ba:conjunctiveᵇ学ぶᵈ学ぶʳマナビ⌉⌈ˢ、ᵖauxs:comma⌉⌈ˢ将来ᵖn:common_noun:adverb-possibleʳショウライ⌉⌈ˢはᵖprt:binding_particleʳハ⌉⌈ˢ獣医師ᵖn:common_nounʳジュウイシ⌉⌈ˢにᵖprt:case_particleʳニ⌉⌈ˢなるᵖv:non_self_reliant:godan-ra:attributiveʳナル⌉⌈ˢつもりᵖn:common_nounʳツモリ⌉⌈ˢですᵖauxv:auxv-desu:terminalʳデス⌉⌈ˢぞᵖprt:sentence_final_particleʳゾ⌉⌈ˢ。ᵖauxs:period⌉
私は去年高校を卒業しましたぞ。	neutral	masculine	⌈ˢ私ᵖpronʳワタクシ⌉⌈ˢはᵖprt:binding_particleʳハ⌉⌈ˢ去年ᵖn:common_noun:adverb-possibleʳキョネン⌉⌈ˢ高校ᵖn:common_nounʳコウコウ⌉⌈ˢをᵖprt:case_particleʳヲ⌉⌈ˢ卒業ᵖn:common_noun:suru-possibleʳソツギョウ⌉⌈ˢしᵖv:non_self_reliant:sa-irregular:conjunctiveᵇするᵈするʳシ⌉⌈ˢましᵖauxv:auxv-masu:conjunctiveᵇますᵈますʳマシ⌉⌈ˢたᵖauxv:auxv-ta:terminalʳタ⌉⌈ˢぞᵖprt:sentence_final_particleʳゾ⌉⌈ˢ。ᵖauxs:period⌉
私は子供ではないのに、あなたったらときどきまるで私が子供であるますかのような口のきき方をするのね。	neutral	feminine	⌈ˢ私ᵖpronʳワタクシ⌉⌈ˢはᵖprt:binding_particleʳハ⌉⌈ˢ子供ᵖn:common_nounʳコドモ⌉⌈ˢでᵖprt:case_particleʳデ⌉⌈ˢはᵖprt:binding_particleʳハ⌉⌈ˢないᵖadj:non_self_reliant:adjective:attributiveʳナイ⌉⌈ˢのᵖprt:pre_noun_particleʳノ⌉⌈ˢにᵖprt:case_particleʳニ⌉⌈ˢ、ᵖauxs:comma⌉⌈ˢあなたᵖpronʳアナタ⌉⌈ˢったらᵖprt:adverbial_particleʳッタラ⌉⌈ˢときどきᵖn:common_noun:adverb-possibleʳトキドキ⌉⌈ˢまるでᵖadvʳマルデ⌉⌈ˢ私ᵖpronʳワタクシ⌉⌈ˢがᵖprt:case_particleʳガ⌉⌈ˢ子供ᵖn:common_nounʳコドモ⌉⌈ˢでᵖauxv:auxv-da:conjunctiveᵇだᵈだʳデ⌉⌈ˢあるᵖv:non_self_reliant:godan-ra:terminalʳアル⌉⌈ˢますᵖauxv:auxv-masu:terminalʳマス⌉⌈ˢかᵖprt:sentence_final_particleʳカ⌉⌈ˢのᵖprt:case_particleʳノ⌉⌈ˢようᵖshp:auxiliary_verb_stemʳヨウ⌉⌈ˢなᵖauxv:auxv-da:attributiveᵇだᵈだʳナ⌉⌈ˢ口ᵖn:common_nounʳクチ⌉⌈ˢのᵖprt:case_particleʳノ⌉⌈ˢききᵖv:general:godan-ka:conjunctiveᵇきくᵈきくʳキキ⌉⌈ˢ方ᵖsuff:noun_likeʳカタ⌉⌈ˢをᵖprt:case_particleʳヲ⌉⌈ˢするᵖv:non_self_reliant:sa-irregular:attributiveʳスル⌉⌈ˢのᵖprt:pre_noun_particleʳノ⌉⌈ˢねᵖprt:sentence_final_particleʳネ⌉⌈ˢ。ᵖauxs:period⌉
美しい包装紙に包んでもらえますぞか。	unpragmatic_gender	masculine	⌈ˢ美しいᵖadj:general:adjective:attributiveʳウツクシイ⌉⌈ˢ包装ᵖn:common_noun:suru-possibleʳホウソウ⌉⌈ˢ紙ᵖsuff:noun_likeʳシ⌉⌈ˢにᵖprt:case_particleʳニ⌉⌈ˢ包んᵖv:general:godan-ma:conjunctive-nasalᵇ包むᵈ包むʳツツン⌉⌈ˢでᵖprt:conjunctive_particleʳデ⌉⌈ˢもらえᵖv:non_self_reliant:e-ichidan-a:conjunctiveᵇもらえるᵈもらえるʳモラエ⌉⌈ˢますᵖauxv:auxv-masu:terminalʳマス⌉⌈ˢぞᵖprt:sentence_final_particleʳゾ⌉⌈ˢかᵖprt:sentence_final_particleʳカ⌉⌈ˢ。ᵖauxs:period⌉
誰かこの時計の持ち主はいませんかぜ。	unpragmatic_gender	masculine	⌈ˢ誰ᵖpronʳダレ⌉⌈ˢかᵖprt:adverbial_particleʳカ⌉⌈ˢこのᵖatʳコノ⌉⌈ˢ時計ᵖn:common_nounʳトケイ⌉⌈ˢのᵖprt:case_particleʳノ⌉⌈ˢ持ち主ᵖn:common_nounʳモチヌシ⌉⌈ˢはᵖprt:binding_particleʳハ⌉⌈ˢいᵖv:non_self_reliant:i-ichidan-a:conjunctiveᵇいるᵈいるʳイ⌉⌈ˢませᵖauxv:auxv-masu:imperfectiveᵇますᵈますʳマセ⌉⌈ˢんᵖauxv:auxv-nu:terminal-nasalᵇぬᵈぬʳン⌉⌈ˢかᵖprt:sentence_final_particleʳカ⌉⌈ˢぜᵖprt:sentence_final_particleʳゼ⌉⌈ˢ。ᵖauxs:period⌉
質問をもう一度言ってくださいませんかぜ？	unpragmatic_gender	masculine	⌈ˢ質問ᵖn:common_noun:suru-possibleʳシツモン⌉⌈ˢをᵖprt:case_particleʳヲ⌉⌈ˢもう一度ᵖn:common_noun:adverb-possibleʳモウイチド⌉⌈ˢ言っᵖv:general:godan-waa:conjunctive-geminateᵇ言うᵈ言うʳイッ⌉⌈ˢてᵖprt:conjunctive_particleʳテ⌉⌈ˢくださいᵖv:non_self_reliant:godan-ra:conjunctive-i-soundᵇくださるᵈくださるʳクダサイ⌉⌈ˢませᵖauxv:auxv-masu:imperfectiveᵇますᵈますʳマセ⌉⌈ˢんᵖauxv:auxv-nu:terminal-nasalᵇぬᵈぬʳン⌉⌈ˢかᵖprt:sentence_final_particleʳカ⌉⌈ˢぜᵖprt:sentence_final_particleʳゼ⌉⌈ˢ？ᵖauxs:periodᵇ?ᵈ?ʳ?⌉
長くお待たせしてすみませんでしたぞ。	neutral	masculine	⌈ˢ長くᵖadj:general:adjective:conjunctiveᵇ長いᵈ長いʳナガク⌉⌈ˢおᵖprefʳオ⌉⌈ˢ待たᵖv:general:godan-ta:imperfectiveᵇ待つᵈ待つʳマタ⌉⌈ˢせᵖauxv:e-ichidan-sa:conjunctiveᵇせるᵈせるʳセ⌉⌈ˢしᵖv:non_self_reliant:sa-irregular:conjunctiveᵇするᵈするʳシ⌉⌈ˢてᵖprt:conjunctive_particleʳテ⌉⌈ˢすみᵖv:general:godan-ma:conjunctiveᵇすむᵈすむʳスミ⌉⌈ˢませᵖauxv:auxv-masu:imperfectiveᵇますᵈますʳマセ⌉⌈ˢんᵖauxv:auxv-nu:terminal-nasalᵇぬᵈぬʳン⌉⌈ˢでしᵖauxv:auxv-desu:conjunctiveᵇですᵈですʳデシ⌉⌈ˢたᵖauxv:auxv-ta:terminalʳタ⌉⌈ˢぞᵖprt:sentence_final_particleʳゾ⌉⌈ˢ。ᵖauxs:period⌉
